momentum,low_vol,parkinson_vol,high52,liquidity,train_sharpe,test_sharpe,min_sharpe,train_return,test_return,train_dd,test_dd
0.5,0.1,0.0,0.3,0.1,1.9098025785358768,1.9134430214705267,1.9098025785358768,0.5176765230054314,0.5320926148584155,-0.25458414917229233,-0.21398042340726042
0.6,0.1,0.0,0.3,0.0,1.9701469629012096,1.8896139729988357,1.8896139729988357,0.5412553928159978,0.5362067349463269,-0.25456227825820754,-0.22629011517682573
1.0,0.0,0.0,0.0,0.0,2.1884871129692276,1.881449687888166,1.881449687888166,0.641529872746827,0.5608784111296121,-0.2619293599380005,-0.28762166757822916
0.9,0.0,0.0,0.0,0.1,2.2584239603952825,1.881449687888166,1.881449687888166,0.6663889430280026,0.5608784111296121,-0.2619467843034502,-0.28762166757822916
0.7,0.2,0.0,0.0,0.1,2.0648899547574073,1.8408891669487788,1.8408891669487788,0.5662544280763502,0.5188615026826109,-0.2619148395387153,-0.26527744745682635
0.6,0.0,0.1,0.3,0.0,2.0315303270582943,1.786212284097734,1.786212284097734,0.5620619562460407,0.491078335353353,-0.2545607422271994,-0.22894976017531787
0.6,0.2,0.1,0.0,0.1,1.7918673716107298,1.7799333167482663,1.7799333167482663,0.4091073534694001,0.44964487017850563,-0.2187805177122336,-0.20227990530204898
0.5,0.1,0.4,0.0,0.0,1.7844959639196094,1.7774020817265868,1.7774020817265868,0.3532072835756812,0.3235342558184897,-0.24899722336551622,-0.15484704648085768
0.8,0.0,0.0,0.0,0.2,1.9336642001804112,1.7707431334783592,1.7707431334783592,0.5362801123511678,0.5197648759903561,-0.2798218979606688,-0.28766169492369675
0.6,0.1,0.0,0.2,0.1,2.044897416322531,1.765025605707586,1.765025605707586,0.5636946016021542,0.5046453771035102,-0.254545370298063,-0.2669845884229245
0.6,0.0,0.0,0.3,0.1,1.9862273825265544,1.7615746239432153,1.7615746239432153,0.5683278403392031,0.5151485412679677,-0.3025558056062774,-0.2684312937039187
0.5,0.0,0.0,0.4,0.1,1.920951540135259,1.7585690311881594,1.7585690311881594,0.5511197446275427,0.4974088368573668,-0.30253917847127276,-0.2425768602758902
0.8,0.2,0.0,0.0,0.0,2.0901707217047227,1.7570506587605472,1.7570506587605472,0.5705861818028062,0.4923362878651747,-0.2618993950492484,-0.27060849554649
0.6,0.2,0.0,0.2,0.0,2.0649131215332663,1.7536151545999596,1.7536151545999596,0.5333896986256268,0.4549296741992801,-0.2376727053939376,-0.2192008017472331
0.7,0.1,0.0,0.1,0.1,2.116309004162227,1.7522218122135342,1.7522218122135342,0.6003140559344426,0.49259320709621157,-0.26192432042272584,-0.2728114359239998
0.7,0.1,0.1,0.0,0.1,2.004470598315815,1.751583532528598,1.751583532528598,0.5431197531224567,0.47284434941494236,-0.2619000423606743,-0.2652796586279309
0.8,0.0,0.1,0.1,0.0,2.2124653894521464,1.7419873715641598,1.7419873715641598,0.634993596294867,0.4872604592025471,-0.2619211091917498,-0.27269052103203917
0.7,0.2,0.0,0.1,0.0,1.9748119791663001,1.739265542499624,1.739265542499624,0.5274131150160586,0.46706223037880856,-0.25455859852991336,-0.27324305372042157
0.8,0.1,0.1,0.0,0.0,2.0923049953807986,1.7367941922370487,1.7367941922370487,0.5807123192159371,0.46778666948320335,-0.26192673895482244,-0.26535672152859957
0.8,0.1,0.0,0.1,0.0,2.1490511607752607,1.7365412192911533,1.7365412192911533,0.6120750523092047,0.48775173801655236,-0.26190662266566156,-0.2728114359239998
0.8,0.1,0.0,0.0,0.1,2.1314009737211923,1.7341528518834808,1.7341528518834808,0.6097061448136325,0.48870229293193734,-0.2619117645518051,-0.28118347588629666
0.6,0.2,0.0,0.1,0.1,2.1090309741944737,1.7316403590547804,1.7316403590547804,0.5489340716950268,0.4533150647848423,-0.23735032801252498,-0.2509062703540753
0.9,0.0,0.0,0.1,0.0,2.1263033049256337,1.7258380473188701,1.7258380473188701,0.6104305002587416,0.497685302167052,-0.26190101841458346,-0.2834499502761252
0.5,0.2,0.3,0.0,0.0,1.7255348249575126,1.7389512483939937,1.7255348249575126,0.34100016875659356,0.32061121624794797,-0.24903510572920684,-0.16751492874313523
0.7,0.1,0.0,0.2,0.0,2.1773061254852673,1.72490523146259,1.72490523146259,0.6137079266732215,0.49559384754164837,-0.2619111705118611,-0.279668476045947
0.5,0.1,0.0,0.2,0.2,1.8207393212951435,1.7245594190900158,1.7245594190900158,0.4506013467758774,0.4776853229985689,-0.23733606325147294,-0.22667237861417244
0.7,0.0,0.1,0.2,0.0,2.109400799285527,1.7181278707541596,1.7181278707541596,0.5953346922376741,0.46219557527581734,-0.26189713889200195,-0.25982477783156155
0.5,0.2,0.0,0.2,0.1,1.789250217910648,1.702862627721173,1.702862627721173,0.40815060756459864,0.4283250094513358,-0.23760435721001116,-0.21281974512903856
0.5,0.3,0.0,0.2,0.0,1.7173817593508653,1.6939487027227143,1.6939487027227143,0.37910512087774784,0.3923068744805913,-0.2392437010031051,-0.19346915146060117
0.5,0.2,0.1,0.2,0.0,1.719786995255489,1.6937246605149026,1.6937246605149026,0.37510893055640393,0.3904607710592065,-0.218817753113832,-0.19546228083093087
0.8,0.0,0.0,0.1,0.1,2.087986739605933,1.6929848704804884,1.6929848704804884,0.5933497206074787,0.48687408978911884,-0.2619072848009485,-0.28347027739663255
0.7,0.0,0.0,0.3,0.0,2.074401540628802,1.6912075039359893,1.6912075039359893,0.6007541613311609,0.4830802688950402,-0.3025703468910117,-0.2775876113325144
0.6,0.0,0.1,0.2,0.1,2.0182651632951587,1.689109770027913,1.689109770027913,0.5592237436877117,0.4513921527881246,-0.26190698261573087,-0.2600806026001239
0.7,0.0,0.1,0.1,0.1,2.1067127182193133,1.6832643936572254,1.6832643936572254,0.5966133013279862,0.4566117675363659,-0.2619128589113532,-0.2727388064901949
0.5,0.4,0.1,0.0,0.0,1.7987691044988352,1.6775703018275496,1.6775703018275496,0.36039419890278634,0.32660827731283404,-0.249071987929533,-0.20087548424119883
0.5,0.3,0.0,0.1,0.1,1.6692503194938182,1.8112020422345476,1.6692503194938182,0.35542468129501437,0.43664068023390024,-0.2367424265644883,-0.1884372708393368
0.7,0.1,0.1,0.1,0.0,2.1161786710144654,1.6689477738677663,1.6689477738677663,0.5776919020207381,0.44071786124552403,-0.26190706506087,-0.26689161932946337
0.5,0.0,0.0,0.5,0.0,2.0040265122179077,1.6681397127652642,1.6681397127652642,0.5807272642413677,0.46052316795343184,-0.3025573555172911,-0.2369164135133125
0.6,0.1,0.1,0.2,0.0,2.1022460076333362,1.6599280092724775,1.6599280092724775,0.5352397836932441,0.4254569004165196,-0.2373300105699696,-0.24683180004291183
0.6,0.3,0.1,0.0,0.0,1.8954522508088234,1.6583784396583785,1.6583784396583785,0.42494511524060363,0.3826418185322018,-0.2238350225962068,-0.2109671203464326
0.6,0.3,0.0,0.1,0.0,2.0231050664800128,1.6563423749478852,1.6563423749478852,0.475103131073797,0.40799413830594977,-0.2445903853221324,-0.22878246623671628
0.4,0.1,0.0,0.2,0.3,1.7581293154290019,1.64680592763389,1.64680592763389,0.42343919691279575,0.42653891221006424,-0.24983837231613504,-0.20729660739845535
0.4,0.2,0.2,0.2,0.0,1.7324529519330152,1.6442732836058422,1.6442732836058422,0.3216309473207539,0.31019243916961536,-0.22760648672473238,-0.19277672914871002
0.9,0.1,0.0,0.0,0.0,2.1011295215638683,1.6442326971926626,1.6442326971926626,0.5991634897211238,0.44376807148904485,-0.2619074821361942,-0.28108685659067434
0.9,0.0,0.1,0.0,0.0,2.134930628407133,1.6442326971926626,1.6442326971926626,0.6109012869245856,0.44376807148904485,-0.26190051125156133,-0.28108685659067434
0.6,0.0,0.0,0.4,0.0,2.01715572183049,1.6430167612358044,1.6430167612358044,0.583318265639218,0.4610983198546019,-0.3025601807822724,-0.2466438685233916
0.7,0.3,0.0,0.0,0.0,1.9968638501495688,1.6241719159800243,1.6241719159800243,0.5271179900506195,0.42019029180421485,-0.3123168353719442,-0.2507136951412451
0.7,0.2,0.1,0.0,0.0,2.0958022115448363,1.6227142029805328,1.6227142029805328,0.5263661033504983,0.4166745034680075,-0.2373352646615845,-0.2537423039030622
0.6,0.3,0.0,0.0,0.1,1.9974148095406077,1.6205647786076407,1.6205647786076407,0.500176096368588,0.4073109688849097,-0.2373228373344003,-0.23466258448498067
0.5,0.1,0.0,0.4,0.0,1.9929592741981912,1.6118179563214792,1.6118179563214792,0.5129277998464123,0.41716756156225476,-0.23867522924633933,-0.2549426178693699
0.8,0.0,0.0,0.2,0.0,2.184085480687775,1.6097380500395349,1.6097380500395349,0.6313962079790754,0.4597236737153594,-0.26189591013952696,-0.2879688551418641
0.5,0.1,0.1,0.2,0.1,1.7722750821097697,1.6092148353496736,1.6092148353496736,0.39908100814749936,0.3909642124425228,-0.2368473581331475,-0.19324632577179424
0.8,0.0,0.1,0.0,0.1,2.177690920013086,1.6009762073601248,1.6009762073601248,0.6281039510115543,0.42813359662632755,-0.26190677878967883,-0.28094646459249173
0.5,0.3,0.2,0.0,0.0,1.6997292973644502,1.6008200161323736,1.6008200161323736,0.3308341598376652,0.30157543926076213,-0.24898252496735418,-0.19507013522872219
0.4,0.3,0.1,0.2,0.0,1.5964660353610318,1.6382569718173745,1.5964660353610318,0.29738330429093307,0.31214900018059155,-0.22755700352253216,-0.18520623833115335
0.4,0.3,0.0,0.3,0.0,1.761875312776635,1.5953709345512288,1.5953709345512288,0.368285290944524,0.331776065426862,-0.21878509467272544,-0.2153671872978591
0.3,0.0,0.0,0.3,0.4,1.7715064619295298,1.5896569717685451,1.5896569717685451,0.4539193679037805,0.43338725156852265,-0.25248650576560483,-0.23681840001549093
0.7,0.0,0.0,0.2,0.1,2.1445258720202736,1.5886173585274959,1.5886173585274959,0.615534168424938,0.4489910927090375,-0.27042120261752856,-0.2884925294910381
0.6,0.1,0.1,0.1,0.1,2.166405208920975,1.5864822145320152,1.5864822145320152,0.5606372644049296,0.4048181859768323,-0.23735256148814576,-0.24883688966411455
0.6,0.2,0.1,0.1,0.0,2.0588123564728966,1.5839896016680102,1.5839896016680102,0.48300725670777145,0.3831718792789127,-0.21891051304888742,-0.2189263351654248
0.8,0.0,0.2,0.0,0.0,2.047186392705341,1.575502334500299,1.575502334500299,0.5653736333093635,0.4126964110953242,-0.26189339331641626,-0.2653540930929219
0.6,0.1,0.2,0.1,0.0,1.9986059574618964,1.573219715408726,1.573219715408726,0.4706611978738031,0.3628924358809309,-0.24909724672252043,-0.21153428026542742
0.4,0.0,0.0,0.5,0.1,1.7326444626157844,1.5724588647508961,1.5724588647508961,0.45456313416304117,0.4206250723187359,-0.2711626484564733,-0.2431591055126483
0.4,0.1,0.0,0.0,0.5,1.7279091751297826,1.5714363124956066,1.5714363124956066,0.4317012403543965,0.43335582107387083,-0.24926646597187874,-0.270608168237478
0.6,0.2,0.0,0.0,0.2,1.7651133482653456,1.5702282084370722,1.5702282084370722,0.4384343301831024,0.41972351458398527,-0.23368218000716412,-0.2657313953811554
0.6,0.0,0.2,0.2,0.0,2.116700801032741,1.5660297257187186,1.5660297257187186,0.5398246540390432,0.3889642934609763,-0.237348841175273,-0.23335887466475935
0.3,0.1,0.0,0.0,0.6,1.7948257024867265,1.565347222121152,1.565347222121152,0.4182630350595504,0.4234165555465679,-0.25574578196143916,-0.26577652051974454
0.4,0.3,0.0,0.2,0.1,1.6327281954176278,1.5612889620972499,1.5612889620972499,0.3270128815196325,0.33433537415637304,-0.23674662506715505,-0.19729947154172134
0.4,0.0,0.0,0.6,0.0,2.125378075347353,1.5604092652031707,1.5604092652031707,0.6028802528689072,0.40733633362040567,-0.27088824774282116,-0.23742182326308348
0.6,0.1,0.2,0.0,0.1,1.797189693200733,1.5568241943131218,1.5568241943131218,0.411080792754531,0.37189537457818966,-0.26375080708113086,-0.21346231808667981
0.2,0.0,0.0,0.3,0.5,1.6472321483042682,1.5563089276851345,1.5563089276851345,0.40347437513607054,0.40559121674989274,-0.24404250846919018,-0.2355821020108777
0.6,0.2,0.2,0.0,0.0,1.9102879164921291,1.5550619401246453,1.5550619401246453,0.4286088753792652,0.35183164344836815,-0.24899776587467415,-0.21259000037105658
0.5,0.2,0.0,0.3,0.0,1.9386907242759768,1.5525413481695804,1.5525413481695804,0.46016716561521753,0.38630685473708626,-0.23961600847003894,-0.20892371453220038
0.5,0.2,0.1,0.1,0.1,1.6837637929036156,1.5500965251799979,1.5500965251799979,0.3612251457208908,0.3492294459741827,-0.23674103456588014,-0.1893308850694121
0.7,0.0,0.0,0.0,0.3,1.8493723859165905,1.5469646244286015,1.5469646244286015,0.5087566769717069,0.4411779225442263,-0.27979493379747644,-0.28760605347576973
0.6,0.0,0.2,0.1,0.1,2.090382189251986,1.5441762061864577,1.5441762061864577,0.5394639817821429,0.38604598050672534,-0.25884278268598304,-0.24013083512874345
0.7,0.0,0.2,0.1,0.0,2.156085173118555,1.5373085908439974,1.5373085908439974,0.5967769323047143,0.3986712706487052,-0.2662913143346912,-0.2669181579418328
0.2,0.0,0.0,0.2,0.6,1.7395882016510569,1.5349615172589728,1.5349615172589728,0.43690694110187356,0.41112809048304877,-0.28551922477817926,-0.23690258252587715
0.3,0.2,0.0,0.3,0.2,1.6470900092806247,1.5333596418801922,1.5333596418801922,0.3263655089217776,0.32836973843586303,-0.2367237927611432,-0.23345185057463436
0.6,0.1,0.3,0.0,0.0,1.90607614406079,1.5304235352061621,1.5304235352061621,0.4302124066399866,0.3396765479627446,-0.2490019125112709,-0.19294914309651334
0.6,0.0,0.1,0.1,0.2,1.7672546799017912,1.5294397380419045,1.5294397380419045,0.47073547757678025,0.4075565440598361,-0.2455468598391205,-0.27280615674052955
0.4,0.1,0.3,0.0,0.2,1.5289350475754095,1.5519403245356054,1.5289350475754095,0.26936662545710366,0.2774009459467368,-0.25271374757214937,-0.1548326127524483
0.4,0.1,0.0,0.1,0.4,1.7910155821044011,1.5225652358290327,1.5225652358290327,0.43359659824206487,0.3929432664379049,-0.2347346057177473,-0.25664083998455733
0.5,0.2,0.2,0.0,0.1,1.665203326136405,1.521905301861975,1.521905301861975,0.33672133070234156,0.325560545810496,-0.23673309750581517,-0.17929792346298223
0.4,0.0,0.0,0.0,0.6,1.891052004894475,1.5213522331085723,1.5213522331085723,0.5179275902069416,0.4285646628890687,-0.27980543172773564,-0.28766920431607435
0.5,0.0,0.1,0.0,0.4,1.6687324458509236,1.5200274991931726,1.5200274991931726,0.43607908495383074,0.40540683112764464,-0.24926243047243746,-0.26536665034060436
0.4,0.2,0.2,0.0,0.2,1.5188395657791105,1.5825125995835037,1.5188395657791105,0.27052785959173464,0.2957953231439334,-0.252740026288902,-0.19322035930599035
0.5,0.0,0.0,0.3,0.2,1.7665110145034597,1.5185940073255817,1.5185940073255817,0.4773652084990718,0.4237147587185963,-0.27660432428224946,-0.24658694604538278
0.7,0.1,0.0,0.0,0.2,1.7250479551858011,1.5160617861475127,1.5160617861475127,0.45516732149363226,0.4092293802884901,-0.2798012161823197,-0.28092298046979924
0.6,0.0,0.3,0.1,0.0,1.9976263741428366,1.5137764093021944,1.5137764093021944,0.4695357971179157,0.3489332439814994,-0.24909055923645695,-0.22152413247839242
0.6,0.0,0.0,0.0,0.4,1.8785993891284314,1.5130525458577502,1.5130525458577502,0.5185152498519263,0.4260309020421127,-0.27980939122158177,-0.28762219471207184
0.5,0.0,0.0,0.0,0.5,1.8530737672527473,1.5130525458577502,1.5130525458577502,0.5080016048892595,0.4260309020421127,-0.2798008260943373,-0.28762219471207184
0.5,0.3,0.0,0.0,0.2,1.8067591567164394,1.5095544739786915,1.5095544739786915,0.39667451406460374,0.3557677676989037,-0.23677603648848577,-0.2292161028888271
0.5,0.0,0.4,0.1,0.0,1.6947868906520527,1.5075494324364478,1.5075494324364478,0.34880687561115,0.3015813658477242,-0.24893191883546306,-0.1850039234612475
0.7,0.0,0.2,0.0,0.1,2.016694873841243,1.5056779920475856,1.5056779920475856,0.5391464703255646,0.3932622921027473,-0.2619347112108874,-0.2653172533779695
0.3,0.1,0.0,0.1,0.5,1.6933801056068538,1.5050311394205227,1.5050311394205227,0.3874253021913121,0.377933309000521,-0.24029226146353966,-0.21915094720579686
0.4,0.5,0.0,0.1,0.0,1.5790092173333374,1.5027650670285848,1.5027650670285848,0.24450607426634718,0.26155503865287,-0.1933647624910707,-0.18915799021406832
0.5,0.1,0.0,0.1,0.3,1.79760142030916,1.499053776106363,1.499053776106363,0.47683178614701505,0.3939447444002029,-0.24552198396162805,-0.2726380840117363
0.4,0.0,0.0,0.2,0.4,1.7255597682503299,1.495799575216811,1.495799575216811,0.4391938309198484,0.422450506880812,-0.2621644945863423,-0.2683640441173779
0.4,0.2,0.2,0.1,0.1,1.495254208784708,1.6496379345883363,1.495254208784708,0.26071061584725896,0.303991455019081,-0.24508885304861272,-0.18132712286116814
0.4,0.3,0.1,0.0,0.2,1.4935506722716652,1.5534853307122156,1.4935506722716652,0.2662340767079787,0.30195072515497445,-0.25278824432225333,-0.1842759162063622
0.4,0.1,0.1,0.1,0.3,1.7416682866594264,1.485616555817015,1.485616555817015,0.38177532265702085,0.3396043577009533,-0.23674213084299256,-0.1957408456286852
0.5,0.0,0.4,0.0,0.1,1.5129441050187897,1.4792494338657427,1.4792494338657427,0.289472444238543,0.29843281995733983,-0.2527153464963099,-0.16335286885485134
0.4,0.4,0.1,0.0,0.1,1.4787187302968388,1.605241140639998,1.4787187302968388,0.22088509468212303,0.28378899180575456,-0.23181405463199434,-0.19590832321132245
0.3,0.2,0.1,0.0,0.4,1.477882066149779,1.4808663391238457,1.477882066149779,0.2565959037246912,0.2803686563053651,-0.25286466574261157,-0.18412697263678302
0.6,0.1,0.0,0.1,0.2,1.8490911183550445,1.4767721052916423,1.4767721052916423,0.4948677010546949,0.39569699412561543,-0.24554197958695478,-0.27282458109631547
0.5,0.0,0.1,0.2,0.2,1.807186555287871,1.475380739087007,1.475380739087007,0.45216580709879706,0.3799780618117785,-0.237335396809904,-0.2524997966160366
0.7,0.0,0.0,0.1,0.2,1.7957401927624361,1.4748038504387575,1.4748038504387575,0.48097241622423725,0.4078767333739648,-0.27976736620984277,-0.2834562382248049
0.3,0.0,0.0,0.2,0.5,1.7200898060760657,1.4742513064722829,1.4742513064722829,0.44379959434017824,0.39912678993045825,-0.24925045984657934,-0.2299249285473124
0.4,0.5,0.0,0.0,0.1,1.533295750200311,1.4720642940335127,1.4720642940335127,0.23207404308076884,0.26978883285297006,-0.19630712920957805,-0.20481070806359702
0.2,0.1,0.0,0.1,0.6,1.596304925296326,1.4716165867915638,1.4716165867915638,0.32517725951043963,0.34149813231935733,-0.2367437855712381,-0.2082682348144741
0.6,0.4,0.0,0.0,0.0,1.9365301389580865,1.4710156397273106,1.4710156397273106,0.4431248812961539,0.33203952109087154,-0.22057013494157518,-0.21098861366772592
0.5,0.0,0.5,0.0,0.0,1.4707093187113767,1.8931874513674385,1.4707093187113767,0.26322805280434913,0.3480596315715543,-0.2527325327956371,-0.16292816835995017
0.5,0.1,0.0,0.0,0.4,1.7344435762236494,1.4677621159557936,1.4677621159557936,0.45561304093083543,0.39492499735185094,-0.24558111227455415,-0.2706004005225797
0.7,0.1,0.2,0.0,0.0,2.083196486548385,1.4672467809034682,1.4672467809034682,0.5347340149859661,0.3591145238899618,-0.25884865205977803,-0.26334559766679133
0.5,0.5,0.0,0.0,0.0,1.8074155424760099,1.4664512221897974,1.4664512221897974,0.34499409744467857,0.290150435509128,-0.20074007291741636,-0.23658615895383373
0.5,0.2,0.2,0.1,0.0,1.7509124949321198,1.4663461144932515,1.4663461144932515,0.3590931763093972,0.3005617544204584,-0.24907335014163856,-0.2066012071840937
0.4,0.0,0.1,0.4,0.1,1.7952578406102826,1.4655902674283514,1.4655902674283514,0.4216190541679634,0.36376937007500887,-0.2368599179533315,-0.23835799679843162
0.5,0.0,0.1,0.4,0.0,2.1063910535034025,1.4647219214717349,1.4647219214717349,0.5654495398455808,0.36878239094011267,-0.23732524747389872,-0.2714782963667448
0.3,0.2,0.0,0.4,0.1,1.5706358060823453,1.464247521881351,1.464247521881351,0.3039779105998093,0.29610155746833433,-0.23676731803978346,-0.23805751429272326
0.6,0.0,0.0,0.2,0.2,1.8618729220934447,1.4622883251106928,1.4622883251106928,0.5110475425665058,0.405403161372081,-0.30106416666804736,-0.28832305213244747
0.6,0.1,0.0,0.0,0.3,1.7621282388640895,1.461471571440669,1.461471571440669,0.4606566316556455,0.3932166601256786,-0.27977817180045783,-0.27068911043394805
0.5,0.0,0.1,0.1,0.3,1.7644648447898663,1.4608905006416824,1.4608905006416824,0.46188028140677173,0.377445569301629,-0.24557028620046595,-0.26751544512426206
0.4,0.4,0.0,0.1,0.1,1.4561124964649494,1.5135922203259649,1.4561124964649494,0.2486879461913254,0.2921796126577918,-0.21808412604317828,-0.16748486552801278
0.6,0.0,0.4,0.0,0.0,1.895365423633764,1.4543996999493667,1.4543996999493667,0.4265604832904002,0.31419262681675164,-0.24900802406308387,-0.2045127018862296
0.7,0.0,0.1,0.0,0.2,1.7942688032055252,1.453295594224632,1.453295594224632,0.4788637443578758,0.3774484682972381,-0.27980172043302975,-0.28088632641043443
0.2,0.0,0.0,0.1,0.7,1.8030503391690154,1.453172518843682,1.453172518843682,0.44962526530220503,0.40022956486397265,-0.25097833164061334,-0.26844730223874014
0.6,0.0,0.1,0.0,0.3,1.683308301028291,1.452070707665342,1.452070707665342,0.4391165163718749,0.3791118055154059,-0.2798037202613657,-0.26536451155666796
0.4,0.1,0.0,0.4,0.1,1.782083668572366,1.451814961846569,1.451814961846569,0.4193582668922373,0.3605001410969384,-0.23681407613527294,-0.2567441343689395
0.5,0.1,0.2,0.1,0.1,1.6637356485435812,1.4497593569341238,1.4497593569341238,0.356048455557495,0.3243640304002524,-0.23676430668900095,-0.20478107932788125
0.4,0.3,0.1,0.1,0.1,1.448605694622287,1.5563272826864423,1.448605694622287,0.24766075688235278,0.29374743142375315,-0.21800134569222518,-0.16452362369549278
0.4,0.0,0.0,0.3,0.3,1.7101657796641754,1.4480417175292755,1.4480417175292755,0.4574300015466428,0.39035626752531183,-0.2766026519385023,-0.2422705414823959
0.2,0.1,0.1,0.0,0.6,1.4440111024914288,1.4945964120975828,1.4440111024914288,0.24747212455940182,0.2728007442488134,-0.25274651204946075,-0.19333293431785437
0.3,0.2,0.0,0.2,0.3,1.533072436882415,1.4424724083902078,1.4424724083902078,0.30124540171594427,0.31473267728234866,-0.2366583961516222,-0.22898908504743232
0.4,0.0,0.0,0.4,0.2,1.718060554340734,1.4416163010118714,1.4416163010118714,0.45860705619199194,0.38432846434725443,-0.2766087333470909,-0.23679434979007963
0.5,0.4,0.0,0.1,0.0,1.842280388451418,1.4413825100515882,1.4413825100515882,0.39068792768731453,0.2969868721669824,-0.21880409198777595,-0.2262611183554214
0.2,0.1,0.0,0.0,0.7,1.5714117937689547,1.4412452816002943,1.4412452816002943,0.33060938760955105,0.35193903276062044,-0.26379393608714474,-0.2346150414236372
0.6,0.0,0.2,0.0,0.2,1.7538769060542507,1.4389941531638824,1.4389941531638824,0.41744499733951446,0.36994891546197795,-0.27389937923914287,-0.264474670405235
0.5,0.2,0.0,0.1,0.2,1.8442736638253587,1.438822992239108,1.438822992239108,0.43330346001673736,0.35233166864249843,-0.21100227267279104,-0.25244648675776626
0.3,0.2,0.0,0.1,0.4,1.667587411765606,1.4357545379005223,1.4357545379005223,0.3364090555279824,0.3123619302406333,-0.236765753160595,-0.21756294485577188
0.4,0.2,0.1,0.3,0.0,1.618217950152423,1.430643711264555,1.430643711264555,0.3313860621384719,0.29173843330826155,-0.21878198263957604,-0.22065848478045869
0.3,0.0,0.0,0.1,0.6,1.9459614458627534,1.4291212234598258,1.4291212234598258,0.5115158290088078,0.3860175771670682,-0.2751327670980329,-0.2884937532237126
0.6,0.1,0.1,0.0,0.2,1.9232363106728354,1.4275940433269045,1.4275940433269045,0.4830525455453032,0.3677029276575774,-0.23368895353834485,-0.2658938767280613
0.3,0.0,0.0,0.4,0.3,1.7645377364416261,1.4261854085484138,1.4261854085484138,0.45178588297937394,0.37336880515368454,-0.25006100796476405,-0.24033654760462897
0.3,0.1,0.2,0.0,0.4,1.4254297223105605,1.5136981636641091,1.4254297223105605,0.2463804808004988,0.26772204059318216,-0.2527787005606704,-0.16335462845923054
0.3,0.1,0.2,0.1,0.3,1.4757392486789638,1.42517753614372,1.42517753614372,0.2557354776442633,0.25247306347483955,-0.2450689217718156,-0.1966194632393755
0.4,0.4,0.0,0.2,0.0,1.5925219761974374,1.4218002764723234,1.4218002764723234,0.28906492223328195,0.2713133861179631,-0.1970963848265087,-0.17968747693175857
0.5,0.1,0.2,0.2,0.0,1.7178077167028698,1.420044840547057,1.420044840547057,0.37383407665510027,0.30909493763006046,-0.24902862855280816,-0.19169961400550306
0.3,0.2,0.1,0.1,0.3,1.4191925714988773,1.5195448267999947,1.4191925714988773,0.23644206031389414,0.286766253237386,-0.21801928265884407,-0.16450660804226502
0.5,0.0,0.1,0.3,0.1,1.9130459135898648,1.4172579751917425,1.4172579751917425,0.4779078308758402,0.3608270756866687,-0.25088557782499177,-0.26787285335129907
0.4,0.0,0.1,0.1,0.4,1.784874531053655,1.416960114643315,1.416960114643315,0.42826483846339936,0.3599404099462946,-0.2508579230207,-0.24057214422036755
0.5,0.1,0.3,0.0,0.1,1.7250651230240388,1.4153799236046172,1.4153799236046172,0.34991515865991407,0.29005616416756097,-0.23673732002721493,-0.18434110666883397
0.5,0.0,0.3,0.1,0.1,1.6869548785414117,1.4135532154222505,1.4135532154222505,0.35761202072715115,0.31038408529684003,-0.2367689859534261,-0.18952042939371805
0.6,0.0,0.0,0.1,0.3,1.767943549659586,1.4100622593700636,1.4100622593700636,0.4721174754016295,0.38618612336175917,-0.27975390256588273,-0.2858120714207193
0.4,0.1,0.1,0.0,0.4,1.7243442262720807,1.4095193645170592,1.4095193645170592,0.3879319809375903,0.3202218064168323,-0.26377425114045827,-0.1925130189947416
0.4,0.5,0.1,0.0,0.0,1.4093111017891171,1.6622436706187806,1.4093111017891171,0.1972770437029332,0.27114391336971955,-0.19231980027079032,-0.20619930884759685
0.4,0.0,0.1,0.0,0.5,1.8722325382428797,1.4070781594131125,1.4070781594131125,0.46218884470466626,0.3665978566653145,-0.2738936705070073,-0.2651810860107876
0.5,0.1,0.1,0.3,0.0,1.9027130825797618,1.402843704990679,1.402843704990679,0.44336851510255304,0.33223217414078565,-0.23960629731021155,-0.2675387662580082
0.5,0.3,0.1,0.0,0.1,1.6899381830636762,1.4014090298795896,1.4014090298795896,0.3415521465052045,0.29388059787652265,-0.23671221948489862,-0.18010160907142603
0.5,0.0,0.3,0.2,0.0,1.69925512971107,1.4003847365910376,1.4003847365910376,0.37306974464494713,0.30301707700715874,-0.2490485417677768,-0.18848131527071732
0.1,0.0,0.0,0.0,0.9,1.6842366324882951,1.3977680745198764,1.3977680745198764,0.41270570340343493,0.38619744881855955,-0.30956653604229023,-0.287588619868389
0.3,0.3,0.0,0.3,0.1,1.3972588447926777,1.5511503472078094,1.3972588447926777,0.23620593397161893,0.29521512018666085,-0.21796382534997527,-0.19396949363231486
0.4,0.0,0.3,0.0,0.3,1.481689816700649,1.3949691945458802,1.3949691945458802,0.2850844270272155,0.28541372956539846,-0.26833107885113516,-0.1828650501467446
0.5,0.0,0.0,0.2,0.3,1.8001816872017784,1.3946214739969,1.3946214739969,0.48680475630867215,0.37898751483564275,-0.30105068772704713,-0.2786293678336673
0.7,0.0,0.3,0.0,0.0,1.951921139115608,1.3943024547932787,1.3943024547932787,0.48631656609665486,0.3340320047312102,-0.28068893797043837,-0.2658058040649759
0.5,0.2,0.0,0.0,0.3,1.7883672976080882,1.393208992738753,1.393208992738753,0.4150435076989001,0.35352789795264883,-0.23353639455643005,-0.25330229740812626
0.3,0.0,0.0,0.0,0.7,1.7413861534138342,1.3911062588046663,1.3911062588046663,0.4669693690286205,0.3783947865314168,-0.28612246761010596,-0.28759828197816184
0.4,0.2,0.0,0.0,0.4,1.6889559315765594,1.3907421092760504,1.3907421092760504,0.3771432344872123,0.33242598311459326,-0.24500026109844852,-0.23472170648362722
0.4,0.0,0.1,0.2,0.3,1.8597449602688323,1.3901993130047077,1.3901993130047077,0.44563331109106596,0.34858745442735994,-0.25086830567695495,-0.21904315547298336
0.2,0.0,0.0,0.0,0.8,1.6131680558811003,1.3900148681999644,1.3900148681999644,0.4025808064492007,0.38315039301063103,-0.3077632718884734,-0.28744710918716365
0.5,0.0,0.2,0.2,0.1,1.6760121976717661,1.385890908738558,1.385890908738558,0.3694615561919288,0.3234669953959146,-0.23675569506056593,-0.24672112712331118
0.1,0.0,0.0,0.1,0.8,1.3794399601409295,1.6125915341873338,1.3794399601409295,0.3147872495608368,0.4409310753793656,-0.28171499573456393,-0.23682921402187018
0.3,0.3,0.0,0.1,0.3,1.3765216306645127,1.4011307307557443,1.3765216306645127,0.2295551361927055,0.27092231079863094,-0.21796209189389903,-0.18252755826672806
0.4,0.1,0.0,0.3,0.2,1.8645993312196196,1.3756569454516223,1.3756569454516223,0.4482499708352701,0.3414507435357226,-0.23683717134556714,-0.2529389748469043
0.6,0.0,0.3,0.0,0.1,1.6197504503761946,1.3707555059089522,1.3707555059089522,0.3614066088795025,0.31774478855874655,-0.2637652418633467,-0.2211980530788632
0.4,0.1,0.3,0.2,0.0,1.3665746466793445,1.5619760341589017,1.3665746466793445,0.23561137093552142,0.29090749440467434,-0.24497742219544383,-0.22120298122039772
0.3,0.0,0.0,0.7,0.0,1.834567024631386,1.3663988752500418,1.3663988752500418,0.49265789868218635,0.34664220157324266,-0.2708636323823531,-0.24237437091702652
0.2,0.2,0.1,0.0,0.5,1.3847813411538619,1.365492270287405,1.365492270287405,0.18786131289588104,0.19672651155653864,-0.2012466442062032,-0.19851069938367838
0.5,0.4,0.0,0.0,0.1,1.7539389296062127,1.3653805650238267,1.3653805650238267,0.3593878095592238,0.28758629120890866,-0.23675137043900651,-0.2347831366785016
0.4,0.3,0.2,0.0,0.1,1.3650710140208884,1.474936659930319,1.3650710140208884,0.20110685680599372,0.2537386272108346,-0.23155229449304093,-0.1927154772705969
0.4,0.1,0.1,0.4,0.0,1.7988172113162713,1.3638198238018473,1.3638198238018473,0.40353483064817075,0.30998389723038056,-0.21888700764705715,-0.25364613840445915
0.3,0.3,0.0,0.2,0.2,1.3623312369943945,1.4526782583398121,1.3623312369943945,0.22620204975193903,0.273759937994716,-0.2179353175646186,-0.1905236208337031
0.4,0.2,0.0,0.2,0.2,1.5944900292003723,1.3600923958369435,1.3600923958369435,0.33996535243186643,0.30644610272031825,-0.2366928307854661,-0.20828096745731883
0.4,0.4,0.1,0.1,0.0,1.357582567545236,1.4631952575547817,1.357582567545236,0.20064347871611266,0.2478379180942869,-0.2203509707564807,-0.1967916639353371
0.4,0.0,0.2,0.4,0.0,1.7803332075492528,1.35737603695308,1.35737603695308,0.39735619029156277,0.3133928011622149,-0.24897646798619055,-0.2371522708617927
0.4,0.0,0.4,0.0,0.2,1.352030190651404,1.5910119012466228,1.352030190651404,0.23201166493670167,0.27839215438382636,-0.25279967691682437,-0.16278425277370967
0.4,0.1,0.2,0.0,0.3,1.6241359597530496,1.350330780092871,1.350330780092871,0.3288775034853437,0.27806018100945185,-0.2367157216956568,-0.1898672024873509
0.3,0.3,0.0,0.4,0.0,1.3489806266577602,1.3556237942296911,1.3489806266577602,0.2251294751073094,0.2534011771623852,-0.1953361445653079,-0.24825785298179093
0.4,0.2,0.0,0.1,0.3,1.7329555451732912,1.3488471382006775,1.3488471382006775,0.3796081621211427,0.31258176645678293,-0.23675292611546284,-0.2287095619809142
0.3,0.1,0.0,0.2,0.4,1.7228749792309286,1.3460259073611351,1.3460259073611351,0.38786117709722157,0.3262214148784268,-0.2427500099924328,-0.24476812616235832
0.3,0.1,0.1,0.0,0.5,1.6620251311122907,1.345012093552477,1.345012093552477,0.34382271658776387,0.2912935192826194,-0.2458366266428671,-0.21263315726472176
0.5,0.3,0.1,0.1,0.0,1.785736153620003,1.3406563394161755,1.3406563394161755,0.3708991367241632,0.2731821829363348,-0.21880640926394535,-0.20670033964494938
0.3,0.0,0.1,0.3,0.3,1.6053740044314537,1.340316046846414,1.340316046846414,0.3592279516008572,0.3245376999968772,-0.23681192693038722,-0.23259323396471743
0.4,0.1,0.0,0.5,0.0,1.9449180508802757,1.338432254175526,1.338432254175526,0.48062353193777096,0.3257285789633868,-0.2188915942571389,-0.26929545974650726
0.1,0.9,0.0,0.0,0.0,1.5621475910098424,1.3373995177504887,1.3373995177504887,0.19799189506281167,0.1608239087297021,-0.1875374982856579,-0.19115121044457517
0.5,0.2,0.1,0.0,0.2,1.73877284556843,1.3367867738570824,1.3367867738570824,0.376742273049234,0.2958087053195151,-0.23674737643860555,-0.2215236582653889
0.4,0.4,0.2,0.0,0.0,1.336561177083901,1.7657749008347015,1.336561177083901,0.18384921217873007,0.2720451748279027,-0.1921016572348666,-0.19854469622686388
0.3,0.1,0.0,0.3,0.3,1.612105072525234,1.3362671597374798,1.3362671597374798,0.35638996068471873,0.320910390847986,-0.2367959044441562,-0.24235100939198306
0.4,0.0,0.0,0.1,0.5,1.8119519266016177,1.3361926140856755,1.3361926140856755,0.485572990201814,0.36049505746269284,-0.2797479353774026,-0.2878172542647227
0.3,0.2,0.0,0.0,0.5,1.7102297008934242,1.3353377237603963,1.3353377237603963,0.3512329898972435,0.2836673592032366,-0.236698886903987,-0.21105842311768452
0.3,0.0,0.1,0.0,0.6,1.6402658644784414,1.334816521382563,1.334816521382563,0.36799076681072274,0.33211507270871743,-0.2831435031131493,-0.26444463054833356
0.4,0.6,0.0,0.0,0.0,1.3282416886477515,1.507816050153469,1.3282416886477515,0.18201307528224975,0.24558444680993574,-0.19205434475993965,-0.19209430719397225
0.5,0.1,0.1,0.0,0.3,1.8256427917669575,1.3280785510453013,1.3280785510453013,0.4253974682209132,0.33064308195595715,-0.25081039687303053,-0.263257719188846
0.3,0.2,0.0,0.5,0.0,1.5105125112024747,1.3258713609305948,1.3258713609305948,0.2909594938595341,0.2684156738410106,-0.22762935356328529,-0.2639815561196064
0.1,0.4,0.3,0.0,0.2,1.3236463313764486,1.3303877633030228,1.3236463313764486,0.16760273297365558,0.1497801621114918,-0.17653714875970394,-0.15966462462555442
0.3,0.0,0.0,0.5,0.2,1.7321283389246815,1.321387812783802,1.321387812783802,0.436112382896213,0.3341407627617199,-0.2500798940092257,-0.2350523704736015
0.3,0.3,0.1,0.0,0.3,1.3205432798904473,1.5197730042386306,1.3205432798904473,0.18432825221228377,0.26240591840737193,-0.1919843176579954,-0.19538307883244943
0.3,0.0,0.3,0.0,0.4,1.3194615233095213,1.4814819070871212,1.3194615233095213,0.22517792347066745,0.25550360763446545,-0.25265007192111144,-0.1627847325146745
0.2,0.0,0.0,0.4,0.4,1.7133543583644057,1.3194012447138037,1.3194012447138037,0.41989176553930085,0.3351736326698289,-0.24100766447012512,-0.24248273178267088
0.5,0.1,0.3,0.1,0.0,1.791658719590792,1.3172573998508808,1.3172573998508808,0.3723675987119399,0.26081295967602247,-0.24895182107902702,-0.21307436100480504
0.4,0.2,0.1,0.0,0.3,1.7121349518650555,1.3141668490648744,1.3141668490648744,0.3545234874932923,0.27833151534811695,-0.23703588547405818,-0.17686623110099753
0.4,0.1,0.3,0.1,0.1,1.4596545907295804,1.3103958133328268,1.3103958133328268,0.25558317896591887,0.2276346375973648,-0.24500435777745322,-0.19788092212845343
0.4,0.0,0.3,0.3,0.0,1.6512307849548955,1.3088985765858474,1.3088985765858474,0.3350038790937855,0.25280458934296246,-0.24901478580355496,-0.25280348005323916
0.4,0.0,0.2,0.1,0.3,1.65213028127666,1.3020284167112435,1.3020284167112435,0.35512848857174184,0.2860475914013463,-0.23675277496765812,-0.21113141951036918
0.2,0.2,0.0,0.1,0.5,1.3139909896668143,1.3012891095027077,1.3012891095027077,0.2132610695181072,0.23552147555792846,-0.21804277965011964,-0.17963471142629828
0.4,0.4,0.0,0.0,0.2,1.567357911669683,1.3010685366890742,1.3010685366890742,0.28227318396802903,0.2528869761803103,-0.19825870176747806,-0.23662208447640642
0.5,0.1,0.1,0.1,0.2,1.875879006752597,1.2976888030797025,1.2976888030797025,0.4405588720008482,0.3071548841235823,-0.2508567421847929,-0.22081535783945416
0.4,0.1,0.4,0.0,0.1,1.297247027157911,1.5315643836145503,1.297247027157911,0.18844395439585182,0.24732078349442266,-0.23275383102859326,-0.18150124175799576
0.5,0.0,0.0,0.1,0.4,1.755397997163463,1.2957494440162851,1.2957494440162851,0.4668105778159064,0.3478454608190451,-0.2797717224723326,-0.2877919543765852
0.2,0.1,0.1,0.1,0.5,1.3041425255181822,1.29130252566933,1.29130252566933,0.20556610597655944,0.22588386924211257,-0.2309705439761649,-0.1925889831335198
0.4,0.2,0.1,0.1,0.2,1.6547375557311073,1.2888304828406059,1.2888304828406059,0.32884258076850137,0.2675053540737402,-0.23669815198431476,-0.20722086733897882
0.3,0.0,0.1,0.1,0.5,1.6484216221390098,1.283422112704862,1.283422112704862,0.36669638604318555,0.3022655972109203,-0.2637808565113021,-0.23340151003125853
0.4,0.1,0.2,0.1,0.2,1.5278409952227041,1.2833786875655688,1.2833786875655688,0.2984432392311287,0.26165536883413476,-0.2366730604150611,-0.20407073325131253
0.2,0.0,0.0,0.8,0.0,1.9553374857384076,1.2831985367128107,1.2831985367128107,0.4978690358715592,0.30222811382822523,-0.29885975543807275,-0.20287430160500375
0.2,0.3,0.0,0.0,0.5,1.378682267239614,1.2828044610435316,1.2828044610435316,0.18648317804017678,0.19680596690564145,-0.1874567179215786,-0.19218565317299052
0.2,0.1,0.0,0.2,0.5,1.6656221779879536,1.2801586212758451,1.2801586212758451,0.33986834343136185,0.28961821971918833,-0.2367018092575447,-0.2540031679628685
0.4,0.2,0.1,0.2,0.1,1.596026172185832,1.278045793189082,1.278045793189082,0.31342433174880324,0.25741227105421327,-0.23671893509171016,-0.20797137292504042
0.4,0.0,0.1,0.5,0.0,1.9097954174617835,1.27695734786653,1.27695734786653,0.471043329150604,0.3001555552199313,-0.24481409406028742,-0.2451289169398373
0.3,0.6,0.0,0.1,0.0,1.2786031397831217,1.2719494965688731,1.2719494965688731,0.16474342454889013,0.18082343508918397,-0.1713938561576439,-0.22032575800833498
0.4,0.2,0.0,0.4,0.0,1.7694790189440086,1.269163329567072,1.269163329567072,0.38932316779584974,0.28851580165039414,-0.21883956469582633,-0.25402109238909043
0.3,0.5,0.2,0.0,0.0,1.2680530036171518,1.4573747006504736,1.2680530036171518,0.15958508155998663,0.18857464961020853,-0.1689379218618139,-0.19655433253805443
0.3,0.5,0.0,0.2,0.0,1.2639997591949041,1.4022277650860226,1.2639997591949041,0.17113060086143306,0.23266068305730236,-0.18230527457210066,-0.22018463288565393
0.5,0.0,0.3,0.0,0.2,1.6781985107379007,1.2617920134126404,1.2617920134126404,0.3628275007468327,0.274539086714221,-0.23677347185143516,-0.21347801078261386
0.3,0.4,0.1,0.0,0.2,1.2614153208490262,1.421958307191653,1.2614153208490262,0.16484032871591348,0.20651410124976888,-0.1816461049409519,-0.21848610789536915
0.3,0.0,0.2,0.0,0.5,1.608496346526638,1.260500356332221,1.260500356332221,0.3192074060726344,0.25583705220394126,-0.2624202263735361,-0.2044249921004927
0.3,0.1,0.3,0.0,0.3,1.2590080489419526,1.3085327450163196,1.2590080489419526,0.177747177761447,0.19659295993906745,-0.22617308256699464,-0.17746443148460067
0.4,0.2,0.3,0.0,0.1,1.2553298709310627,1.5341201247507086,1.2553298709310627,0.18634507364634456,0.25411212367185065,-0.23429517794330745,-0.18040090849317192
0.3,0.1,0.0,0.4,0.2,1.6239479868442435,1.2548155793997713,1.2548155793997713,0.36314866072826546,0.291123545665795,-0.23680638025307277,-0.2785345548187135
0.2,0.2,0.0,0.2,0.4,1.2541142328572772,1.3894734250870717,1.2541142328572772,0.20594432207471214,0.2523655752947622,-0.2179410626230589,-0.19408539794586932
0.4,0.3,0.0,0.0,0.3,1.7489593437356625,1.252371494461979,1.252371494461979,0.3606423583162395,0.2608668798519056,-0.23670473999068886,-0.1852892356893523
0.2,0.3,0.4,0.0,0.1,1.4008082929554966,1.2488202392874443,1.2488202392874443,0.17751223527743343,0.14257144104744168,-0.18087402947101416,-0.1701942496934301
0.4,0.2,0.0,0.3,0.1,1.4479971057270344,1.2477876911150225,1.2477876911150225,0.3002076883197764,0.2821025013987313,-0.2367645335766806,-0.2543344834572131
0.3,0.4,0.0,0.0,0.3,1.411430705014186,1.2467367806364427,1.2467367806364427,0.20070410389830395,0.21226144129591007,-0.19446986666525679,-0.20943995962957795
0.1,0.2,0.0,0.0,0.7,1.373081471111694,1.2455950227517483,1.2455950227517483,0.17406766712529076,0.16780242226108677,-0.16486210619443553,-0.20144510860843579
0.3,0.2,0.2,0.0,0.3,1.245514747604684,1.4231249408172755,1.245514747604684,0.17365275392109347,0.22512440233237907,-0.1910703681446546,-0.1799228448400919
0.4,0.0,0.4,0.1,0.1,1.4103800072704606,1.2453617636437553,1.2453617636437553,0.2481743832382235,0.2100388086284355,-0.24510192461604774,-0.2051061234603615
0.2,0.0,0.1,0.2,0.5,1.513932109507468,1.244978094119273,1.244978094119273,0.3056826123471761,0.27843117045877674,-0.23669746287325932,-0.23715299617426633
0.2,0.4,0.4,0.0,0.0,1.4536466063063533,1.2445935810420614,1.2445935810420614,0.184329225524833,0.14210999083521547,-0.16921961182977696,-0.17247447671531801
0.2,0.0,0.2,0.0,0.6,1.2425216279172622,1.5151058360689387,1.2425216279172622,0.2101696985509962,0.26089423889591057,-0.2526613345606564,-0.1627462908509143
0.4,0.0,0.3,0.2,0.1,1.419940227134488,1.2419685966213774,1.2419685966213774,0.2724649607357148,0.23529141841122914,-0.23671156038590724,-0.22069327771738412
0.3,0.1,0.1,0.3,0.2,1.477030185044512,1.2412452882630318,1.2412452882630318,0.2884222918871917,0.2592445491214792,-0.23664902289699674,-0.2571302378310689
0.2,0.0,0.1,0.0,0.7,1.6440555668466417,1.2253498331020287,1.2253498331020287,0.3550102472904626,0.27373339287345866,-0.26380218653567533,-0.22111031383920143
0.3,0.1,0.2,0.2,0.2,1.4091836773705213,1.2250719545603352,1.2250719545603352,0.23672102651834992,0.20882114598745916,-0.2179682695002424,-0.19554683147140073
0.3,0.3,0.0,0.0,0.4,1.3418766845120076,1.2248462598609082,1.2248462598609082,0.22578858877397945,0.23259921080359414,-0.21449357476261877,-0.2367153934173778
0.2,0.5,0.0,0.2,0.1,1.3563836934283713,1.2241324735578971,1.2241324735578971,0.17426608511431718,0.16424934198584884,-0.17081987020318024,-0.21730492337433827
0.4,0.3,0.3,0.0,0.0,1.2241210271197493,1.758331073836784,1.2241210271197493,0.16673572343920884,0.26527566560816185,-0.19239165655699675,-0.18142147325303448
0.4,0.0,0.2,0.0,0.4,1.6253711538936157,1.2226899506444389,1.2226899506444389,0.36129951062964594,0.2740013728637094,-0.26372878667817623,-0.22109088674680577
0.2,0.1,0.0,0.4,0.3,1.338852700824003,1.2221884516216752,1.2221884516216752,0.25689406989682606,0.2569563963775623,-0.23871112018144502,-0.25713422999193236
0.3,0.1,0.1,0.5,0.0,1.5296955080948194,1.2219665861679008,1.2219665861679008,0.29390029966745446,0.23847463064522367,-0.22762499482975274,-0.2627089476944334
0.4,0.1,0.1,0.2,0.2,1.568233245923309,1.2201955403123803,1.2201955403123803,0.33449718501794945,0.2630791920134672,-0.23669944346528027,-0.25046220598600766
0.4,0.0,0.4,0.2,0.0,1.3948955029389951,1.2193585500094735,1.2193585500094735,0.23997698796154188,0.21079762344407382,-0.24510330240041622,-0.2212714411254183
0.2,0.3,0.1,0.0,0.4,1.2179126896203027,1.3767780210785447,1.2179126896203027,0.15413129132505166,0.17988661285341245,-0.1682465078596076,-0.18014646316465432
0.5,0.1,0.2,0.0,0.2,1.7026948999588631,1.2173148544841776,1.2173148544841776,0.3660939027086001,0.26352110041147325,-0.23672247542257463,-0.22552428421838266
0.2,0.5,0.0,0.3,0.0,1.2165415702794837,1.344894531224128,1.2165415702794837,0.15611999104149565,0.19077877716113312,-0.18986423081386317,-0.2115611993676335
0.4,0.3,0.0,0.1,0.2,1.7017394665183505,1.2164388255016376,1.2164388255016376,0.3486645201221166,0.24716812038882874,-0.2367191701010254,-0.22852716269544726
0.3,0.4,0.1,0.2,0.0,1.2155514377006087,1.2286158650079901,1.2155514377006087,0.16368083412080403,0.19779355167472534,-0.18521434352317379,-0.22988436275826674
0.3,0.1,0.1,0.1,0.4,1.5893064258178244,1.2152216666981877,1.2152216666981877,0.3123637382789861,0.2515684429287759,-0.2366430920082856,-0.20366057486350597
0.3,0.2,0.1,0.2,0.2,1.424770862215266,1.2149846406103024,1.2149846406103024,0.23923209368423515,0.21323925590860093,-0.21800276497340543,-0.18168607553805283
0.3,0.1,0.1,0.2,0.3,1.449663090579413,1.2141087354962545,1.2141087354962545,0.2821898524436124,0.24888503389320316,-0.23670171694884012,-0.22042194431507256
0.3,0.2,0.1,0.3,0.1,1.213714082850947,1.3576678649736753,1.213714082850947,0.19931570278253852,0.24152323595562475,-0.2179630696906102,-0.19153897021709
0.1,0.8,0.1,0.0,0.0,1.5268358409137668,1.212391345708652,1.212391345708652,0.19332536869314865,0.13998430679292317,-0.18953367760371775,-0.1924266054120387
0.3,0.3,0.3,0.0,0.1,1.212224356213166,1.26150745439604,1.212224356213166,0.15699951957671643,0.16484819887561697,-0.19541441679261895,-0.2012751951545152
0.2,0.8,0.0,0.0,0.0,1.4887236640309907,1.2098626093271456,1.2098626093271456,0.1896489985894294,0.14678400103597422,-0.18194908287751155,-0.21491084428546625
0.4,0.0,0.3,0.1,0.2,1.4965125893653475,1.20922045992914,1.20922045992914,0.2922849161485761,0.239216793220006,-0.23667573402508468,-0.21133814956294228
0.5,0.0,0.2,0.3,0.0,1.9276910923842574,1.2084767175544797,1.2084767175544797,0.44800336094175974,0.2764540905937287,-0.2447864625142454,-0.2936506522195036
0.3,0.1,0.0,0.6,0.0,1.5949557533469882,1.2021114328557787,1.2021114328557787,0.35625632192697876,0.2826377456901752,-0.2328914895444184,-0.27153538765597085
0.0,0.9,0.1,0.0,0.0,1.4627133908482104,1.201072644101469,1.201072644101469,0.1873149935200349,0.13866802278609924,-0.19651460076665417,-0.19217734920015694
0.4,0.1,0.2,0.3,0.0,1.5838976044473363,1.1988829980080307,1.1988829980080307,0.31950352174325847,0.23535228155502796,-0.24900884108577603,-0.237819723262909
0.1,0.0,0.0,0.2,0.7,1.3382952208925487,1.1979296406865358,1.1979296406865358,0.291382236320586,0.2920151578839494,-0.2503443698630142,-0.24246748165229925
0.2,0.4,0.1,0.3,0.0,1.1972625639912364,1.3232019410660207,1.1972625639912364,0.15241755174799843,0.18128152209663195,-0.17585345688003717,-0.21460909486034818
0.3,0.1,0.1,0.4,0.1,1.57752476705039,1.1953701008755844,1.1953701008755844,0.3049022664175498,0.2331677278581672,-0.23667713663940104,-0.23868104876181562
0.3,0.1,0.0,0.5,0.1,1.4575971099508134,1.192144003183251,1.192144003183251,0.31128021561052077,0.2819985774804332,-0.23676598844684404,-0.2704485388151202
0.1,0.6,0.1,0.0,0.2,1.50290540312821,1.190343174970133,1.190343174970133,0.18898283241999336,0.13619977206334855,-0.1943332264956832,-0.18591553869774968
0.3,0.0,0.2,0.1,0.4,1.3929345598815954,1.1902897728886634,1.1902897728886634,0.2689454721069091,0.24091179515409222,-0.2470957162477183,-0.18617423223144824
0.4,0.3,0.2,0.1,0.0,1.1899754864507277,1.634129091270928,1.1899754864507277,0.17050299535212754,0.28114905074327434,-0.23154372048022065,-0.18881887733486058
0.4,0.2,0.3,0.1,0.0,1.1890452445102357,1.6875302472179723,1.1890452445102357,0.1775143191434212,0.299131956922168,-0.2332195295974725,-0.17482949075665022
0.2,0.1,0.0,0.7,0.0,1.6191869790727855,1.1882554951824362,1.1882554951824362,0.3364426746322362,0.23835044231666824,-0.27075749870580634,-0.22154250177040669
0.3,0.6,0.1,0.0,0.0,1.4758865959072314,1.1817412336762247,1.1817412336762247,0.19124677541669466,0.14890220184695369,-0.17172929083348365,-0.20140426102726472
0.2,0.5,0.2,0.1,0.0,1.4238000501169765,1.1817375632180767,1.1817375632180767,0.181647774982868,0.14856192178442473,-0.17172872687533225,-0.21353460540435032
0.4,0.0,0.1,0.3,0.2,1.8486716725887573,1.1816324223664012,1.1816324223664012,0.4505657223485482,0.2802524496058356,-0.25083823153478046,-0.2913671211306541
0.2,0.0,0.0,0.6,0.2,1.5855704566403848,1.1805926660352988,1.1805926660352988,0.38152716831288846,0.28194941031023935,-0.2777585806163402,-0.2343381616347222
0.1,0.1,0.0,0.1,0.7,1.2645810900669117,1.1793770987595764,1.1793770987595764,0.19969131175902022,0.2093380763770687,-0.2124547438004566,-0.19407555217268657
0.2,0.2,0.0,0.0,0.6,1.3638469890271137,1.178771044036652,1.178771044036652,0.22655509282482544,0.21903994021032047,-0.21451498433859428,-0.2364871906588749
0.3,0.3,0.2,0.0,0.2,1.1774815810081394,1.5030244559240957,1.1774815810081394,0.15335881214086067,0.20949251439097138,-0.2020537883552347,-0.18415349175342977
0.5,0.0,0.2,0.0,0.3,1.7114033230883492,1.177105715069805,1.177105715069805,0.399570216127231,0.268681360673638,-0.27393770176752386,-0.2633830104471907
0.2,0.3,0.1,0.1,0.3,1.2468392230546081,1.1753058925696462,1.1753058925696462,0.1571602161504586,0.16128531936598,-0.17088016427769936,-0.20726581309376113
0.3,0.5,0.0,0.0,0.2,1.1855958133957978,1.175137476823128,1.175137476823128,0.15345525565814344,0.16787962697069592,-0.1805528195302999,-0.21158527959163398
0.0,0.0,0.0,1.0,0.0,1.5606942675949234,1.1737917401156734,1.1737917401156734,0.3011787763263605,0.22056767458500048,-0.25093762161788047,-0.16441031387329363
0.2,0.2,0.2,0.0,0.4,1.2376585840201233,1.171724291961607,1.171724291961607,0.1593803519089434,0.14709749317169174,-0.1949844140036595,-0.20143795297470968
0.3,0.4,0.0,0.3,0.0,1.1686129504940916,1.4677524844209846,1.1686129504940916,0.16662467142942305,0.2533738401880956,-0.20710390279957813,-0.18384622349034052
0.2,0.3,0.1,0.2,0.2,1.1677429594214472,1.1746983499270225,1.1677429594214472,0.1509505778639182,0.167402857135325,-0.1796653413740198,-0.22117436314568006
0.2,0.6,0.0,0.2,0.0,1.3284883147524875,1.1661959439515688,1.1661959439515688,0.16748781288167858,0.15062252875095572,-0.17288466817866144,-0.2451999755155566
0.3,0.0,0.3,0.2,0.2,1.2967036830877952,1.1658473382905226,1.1658473382905226,0.21737642503819754,0.1916627742138255,-0.24501055714157227,-0.18323778300587912
0.2,0.4,0.1,0.2,0.1,1.1630379827612323,1.1830920457299283,1.1630379827612323,0.1440768130863177,0.15393848444331848,-0.18675553491742392,-0.2241059031828304
0.1,0.0,0.0,0.3,0.6,1.40214544947055,1.1611450901945464,1.1611450901945464,0.29811982097578094,0.2683404859024747,-0.2859651486367464,-0.23444850277166285
0.3,0.7,0.0,0.0,0.0,1.4754881673269826,1.1604711935222591,1.1604711935222591,0.19357141517161702,0.14915922975074736,-0.1713176489240973,-0.2012151591568152
0.3,0.5,0.1,0.1,0.0,1.155890693705024,1.2819692935036957,1.155890693705024,0.14611868000783623,0.1829617916819244,-0.18036817884115264,-0.2205610501804688
0.3,0.4,0.0,0.1,0.2,1.1515720189411691,1.2661560732088604,1.1515720189411691,0.1582736443921191,0.2092268603524483,-0.21604103914394024,-0.18690931684585244
0.2,0.0,0.0,0.7,0.1,1.5739298002806874,1.1504533171461828,1.1504533171461828,0.3756441323744628,0.2658757865884238,-0.2902812607396229,-0.2191442966561823
0.1,0.7,0.1,0.1,0.0,1.4325134869821108,1.149751523621763,1.149751523621763,0.18061580518077425,0.13266679646641877,-0.18330440767824363,-0.20133785720616626
0.3,0.5,0.1,0.0,0.1,1.1837294525667301,1.1492647597315109,1.1492647597315109,0.1495368994959272,0.15134569356609595,-0.18136636677744833,-0.1963577676702456
0.4,0.1,0.1,0.3,0.1,1.5476951056708257,1.1457553609322835,1.1457553609322835,0.3285960243736912,0.25012425715728526,-0.23857190502120706,-0.27773057385530453
0.3,0.4,0.2,0.0,0.1,1.1439984205779472,1.4978999304268732,1.1439984205779472,0.1459284708726165,0.19930220168061807,-0.1957134694897782,-0.17696034025112295
0.3,0.3,0.3,0.1,0.0,1.142651768708091,1.1448797369932866,1.142651768708091,0.14510243525264332,0.1513911429661874,-0.19595069486691552,-0.19601900421915208
0.0,0.8,0.1,0.0,0.1,1.5023260285840985,1.1416987554385087,1.1416987554385087,0.18903708965613464,0.13063160095473858,-0.1966502131199389,-0.19239744188415375
0.3,0.4,0.0,0.2,0.1,1.1416508959056137,1.3756703346738393,1.1416508959056137,0.16038788725190578,0.22961048087576374,-0.2066772944220947,-0.18921535884222496
0.3,0.4,0.1,0.1,0.1,1.209353059416852,1.141473114977281,1.141473114977281,0.16091974430468192,0.1721202837772413,-0.19492864376609653,-0.215639881204147
0.5,0.0,0.2,0.1,0.2,1.7434727284131117,1.1411077301046786,1.1411077301046786,0.39977939360074655,0.24900307260350218,-0.2637886204371064,-0.23899751975731776
0.3,0.3,0.4,0.0,0.0,1.1395196770160598,1.333033939006357,1.1395196770160598,0.1449414899201067,0.15758474355230812,-0.20907244222908805,-0.2094860504028493
0.2,0.6,0.1,0.1,0.0,1.4798464655871706,1.1369746270022572,1.1369746270022572,0.19123890168033975,0.13927591098810166,-0.17174029064443697,-0.22162732270623398
0.3,0.2,0.5,0.0,0.0,1.1350098782251823,1.1652198419855344,1.1350098782251823,0.14613456257640944,0.13476504970001346,-0.20529513282889256,-0.1924541098496334
0.3,0.4,0.2,0.1,0.0,1.1347627522506072,1.2566301177644819,1.1347627522506072,0.14292394246168394,0.17219124391633978,-0.19464253920202035,-0.20482398764302256
0.3,0.4,0.3,0.0,0.0,1.1329271866077202,1.2286261111420311,1.1329271866077202,0.1420535864044774,0.14440014632743048,-0.18827631839327597,-0.19852724836895874
0.1,0.6,0.2,0.1,0.0,1.4697539274432057,1.1322765788354665,1.1322765788354665,0.1865649703495833,0.12838131955058074,-0.182151320711053,-0.17846660654109714
0.1,0.1,0.0,0.0,0.8,1.2976725702690421,1.1279385854338309,1.1279385854338309,0.20355991742534174,0.205800449464429,-0.20832235132596033,-0.21949380103026395
0.3,0.2,0.1,0.4,0.0,1.1795952047385843,1.1264167128322953,1.1264167128322953,0.191694737310117,0.1992289296146883,-0.2180098056208546,-0.23647204857254212
0.2,0.1,0.0,0.3,0.4,1.512260322401635,1.1248750952887476,1.1248750952887476,0.2950217072903063,0.2409244548046896,-0.2367227749663665,-0.26319569500207884
0.3,0.6,0.0,0.0,0.1,1.2414087993112717,1.1237926706760704,1.1237926706760704,0.15728396134955958,0.1517199680660395,-0.1709234759650169,-0.20156192803175355
0.1,0.0,0.0,0.9,0.0,1.6673241677574717,1.1235972333759865,1.1235972333759865,0.38781353808480756,0.2511182856374501,-0.2793592135405838,-0.184276301230617
0.4,0.0,0.5,0.0,0.1,1.1231362089773589,1.1503851353229002,1.1231362089773589,0.16099922067073025,0.1801878331250244,-0.2321703934096948,-0.18494288616422794
0.2,0.4,0.1,0.0,0.3,1.135253501705373,1.1222237818807226,1.1222237818807226,0.13958951329388358,0.13712152488743778,-0.18705110388963597,-0.20466741652590348
0.1,0.7,0.1,0.0,0.1,1.4993079268081517,1.1167887766976066,1.1167887766976066,0.18677669414465448,0.12686628840316683,-0.18106099000461362,-0.1926921300915322
0.2,0.4,0.0,0.0,0.4,1.2393693120021338,1.1165304910306901,1.1165304910306901,0.15711822392230568,0.14803059432913956,-0.17091172388951403,-0.20158539735091274
0.1,0.7,0.2,0.0,0.0,1.4962336107169636,1.1136678206144675,1.1136678206144675,0.18977115418905943,0.1264245523312595,-0.1746981206862408,-0.18487467611263364
0.3,0.0,0.0,0.6,0.1,1.6857871260604065,1.1124111776828212,1.1124111776828212,0.41637350298033105,0.2712071410372132,-0.2500562159955728,-0.24248527971959788
0.0,0.7,0.1,0.2,0.0,1.4814283082408686,1.1063981131105716,1.1063981131105716,0.18900929907205843,0.12894340927813408,-0.1629466228265367,-0.19226497971711565
0.2,0.3,0.1,0.3,0.1,1.1063356496590186,1.145697891191452,1.1063356496590186,0.14657949252184888,0.16593367819401506,-0.20255143589637692,-0.2125517921400576
0.3,0.3,0.1,0.3,0.0,1.1058516752091667,1.2748632055819822,1.1058516752091667,0.15815679959703788,0.21125788378149557,-0.21806470561579716,-0.18430544690355222
0.0,0.6,0.1,0.2,0.1,1.4444429445295826,1.105805412707067,1.105805412707067,0.18164059290002932,0.130029509063043,-0.18821619827857983,-0.19061841561383464
0.3,0.2,0.4,0.0,0.1,1.105361067492284,1.330045093676408,1.105361067492284,0.14153929759046124,0.16225848277604538,-0.1970026626580318,-0.2067157684669494
0.1,0.2,0.2,0.0,0.5,1.3358422551517708,1.1044363737840124,1.1044363737840124,0.16800020127141457,0.12365674081225353,-0.1810206145105836,-0.172663475087529
0.3,0.3,0.2,0.2,0.0,1.1042436318534856,1.1993432843718361,1.1042436318534856,0.14718340140279773,0.1809078531092505,-0.1849761693193558,-0.2161790172203728
0.2,0.7,0.0,0.1,0.0,1.4801973186538278,1.1030491980630837,1.1030491980630837,0.1878193452796597,0.13461056572817975,-0.17445825744812782,-0.22554037677347372
0.1,0.5,0.2,0.0,0.2,1.330941155113436,1.1010829505185253,1.1010829505185253,0.16823310837818473,0.12345748364256104,-0.19817463299607507,-0.186990199387303
0.1,0.3,0.5,0.0,0.1,1.3452869944888253,1.1007131100312715,1.1007131100312715,0.1705892285235011,0.1209921038520767,-0.1883210035575481,-0.1610080745125747
0.2,0.1,0.3,0.0,0.4,1.0984366067594045,1.2690599233798598,1.0984366067594045,0.13974346832202245,0.15366789750399112,-0.20093156172480686,-0.175689098845367
0.0,0.9,0.0,0.0,0.1,1.512585182689395,1.0982668383733145,1.0982668383733145,0.19079793640501186,0.1268315734797083,-0.18711762638680185,-0.18292932746051915
0.0,0.7,0.0,0.0,0.3,1.5185155306369227,1.0982668383733145,1.0982668383733145,0.1911982194741697,0.1268315734797083,-0.19347523381985998,-0.18292932746051915
0.0,0.8,0.0,0.0,0.2,1.5248641580868436,1.0982668383733145,1.0982668383733145,0.1916910662275797,0.1268315734797083,-0.18712883305375416,-0.18292932746051915
0.0,0.5,0.1,0.2,0.2,1.3700596667403109,1.0975934516930133,1.0975934516930133,0.17283076207161563,0.1312015171933223,-0.18779820185037488,-0.18776474713906077
0.0,0.5,0.2,0.2,0.1,1.4191531678714346,1.0966090916321194,1.0966090916321194,0.17741209436008076,0.12749909171065066,-0.19171349651416125,-0.17199525610552535
0.3,0.0,0.1,0.2,0.4,1.7426144843445233,1.0952038559565005,1.0952038559565005,0.3929417330145326,0.24913265925856676,-0.23682327125835423,-0.2913630562983218
0.0,0.6,0.2,0.2,0.0,1.4599951626181593,1.0945138274543018,1.0945138274543018,0.18385940452367655,0.12792057540919877,-0.17293035329026285,-0.18553045463988527
0.2,0.0,0.1,0.3,0.4,1.4206494493148651,1.0901169723940194,1.0901169723940194,0.27849810050719714,0.2292324823483678,-0.23674322211370924,-0.24834232068213613
0.1,0.3,0.3,0.0,0.3,1.3434618668522735,1.0883272029650861,1.0883272029650861,0.16904333348005696,0.11915609699805363,-0.17574597441609663,-0.14723829344329376
0.1,0.6,0.2,0.0,0.1,1.5180291142611424,1.0880587171816107,1.0880587171816107,0.19347455577614525,0.12300080306333516,-0.1754976291354743,-0.18702118924871858
0.0,0.7,0.1,0.0,0.2,1.5204895974348929,1.0880312555030396,1.0880312555030396,0.19141781730617202,0.12358539847976191,-0.1966250628501086,-0.1924199408840226
0.3,0.0,0.3,0.1,0.3,1.363356145078302,1.0865048331126472,1.0865048331126472,0.23606434544949306,0.17652725220677423,-0.24504705577138353,-0.19286576249757903
0.2,0.5,0.1,0.2,0.0,1.3404031505155056,1.08512852758354,1.08512852758354,0.1679352034622117,0.13359559047649006,-0.1723791235303307,-0.22671436072065299
0.1,0.5,0.3,0.0,0.1,1.407956638049043,1.0847077223198718,1.0847077223198718,0.1798705261138278,0.11963374896298618,-0.17207931573988267,-0.17073518412070843
0.3,0.2,0.3,0.0,0.2,1.0833227175925966,1.201149131080158,1.0833227175925966,0.1403722586871068,0.16204782179721766,-0.20130395264363254,-0.20261782586318478
0.1,0.6,0.1,0.1,0.1,1.4585420226692891,1.0831594386599286,1.0831594386599286,0.1833538377785755,0.1252312594860887,-0.19668745268306964,-0.20270416309975492
0.1,0.7,0.0,0.0,0.2,1.4443742194445899,1.0770287718208458,1.0770287718208458,0.17855087665353908,0.12563167805708075,-0.2078511809738931,-0.19711631861496381
0.1,0.3,0.3,0.1,0.2,1.3492261803770471,1.0742907100859578,1.0742907100859578,0.1720453134542801,0.12456671342528791,-0.18874381254916894,-0.16792478014706813
0.0,0.5,0.3,0.2,0.0,1.5152173193739586,1.0736372698550183,1.0736372698550183,0.19219838267381206,0.12539411343854545,-0.17085206944909181,-0.1712987422804353
0.2,0.5,0.0,0.0,0.3,1.3309443869165787,1.0734420507543145,1.0734420507543145,0.1695667631707427,0.13318194193406785,-0.17219699373442388,-0.20029045181229932
0.2,0.0,0.4,0.0,0.4,1.072604220158612,1.0764048126511765,1.072604220158612,0.1348631810018428,0.12524150464862238,-0.20139194866518872,-0.15332791214176666
0.1,0.8,0.0,0.1,0.0,1.5165798671065913,1.07032351451601,1.07032351451601,0.19179552301272906,0.12304680695037495,-0.18193447233916282,-0.20589301818594663
0.3,0.0,0.7,0.0,0.0,1.1372971999834278,1.06954063080959,1.06954063080959,0.14501259976070546,0.12427043856276754,-0.19242439141043854,-0.15795028727483496
0.1,0.4,0.4,0.1,0.0,1.3645359892070175,1.0688234269025314,1.0688234269025314,0.17295275189946002,0.11957192883100043,-0.17306509682743287,-0.17356522251449713
0.2,0.4,0.0,0.3,0.1,1.2144602055923062,1.0675872687492611,1.0675872687492611,0.160455543444882,0.15653118577445113,-0.18725276082049114,-0.22549512934000526
0.0,1.0,0.0,0.0,0.0,1.4996190672673806,1.066425620646051,1.066425620646051,0.1900382711844879,0.12300108834041024,-0.18717740445561915,-0.1828269445518984
0.2,0.3,0.2,0.3,0.0,1.179470316014811,1.0663791172033608,1.0663791172033608,0.14936875446848674,0.14293833313062843,-0.1779073422147357,-0.22378277832022309
0.2,0.0,0.1,0.7,0.0,1.6102618084006253,1.065875333694152,1.065875333694152,0.32562633702119137,0.20705637623255813,-0.24552353208975908,-0.21429466551915832
0.2,0.3,0.2,0.0,0.3,1.135008564427154,1.0653502994194821,1.0653502994194821,0.13994806528723958,0.1228518103338625,-0.21304539851727977,-0.20029559478910863
0.0,0.0,0.0,0.6,0.4,1.0862971008438755,1.0650152933971693,1.0650152933971693,0.17247876907355142,0.18837183418181724,-0.2231081970780997,-0.13880599123140636
0.4,0.0,0.2,0.3,0.1,1.671429550228363,1.0632562617354933,1.0632562617354933,0.3554999253141624,0.22580433810369516,-0.23671285195864877,-0.2706356974533296
0.4,0.1,0.2,0.2,0.1,1.5309975104333555,1.0619887374983652,1.0619887374983652,0.29738152066699275,0.20687457016414168,-0.23669023582693982,-0.2374952375491034
0.2,0.4,0.3,0.1,0.0,1.3589738026156741,1.0612833259475,1.0612833259475,0.1713818957432922,0.12643859462579887,-0.1684231222686704,-0.1911235831492849
0.2,0.7,0.1,0.0,0.0,1.5367328258606916,1.060310340397951,1.060310340397951,0.19737975611573977,0.12394947490516706,-0.1710913442775862,-0.2140439819162282
0.0,0.4,0.4,0.2,0.0,1.4481808919864263,1.0582988080691966,1.0582988080691966,0.18362303547695458,0.12487650082416724,-0.16690484558540342,-0.17147451045668904
0.2,0.4,0.3,0.0,0.1,1.3641263823558194,1.0571536027987651,1.0571536027987651,0.17184861968874832,0.11984482498924698,-0.18470845333067032,-0.20227882848550194
0.1,0.5,0.3,0.1,0.0,1.4079702416356799,1.0557864004479554,1.0557864004479554,0.1817948077148348,0.11916205198403684,-0.18530467200645317,-0.16940411348204376
0.0,0.2,0.0,0.0,0.8,1.3471764016480707,1.0547149613252114,1.0547149613252114,0.16492873490385085,0.12050656698237416,-0.21293657673853306,-0.18289452918470428
0.0,0.8,0.0,0.1,0.1,1.4929390294304639,1.0540943615188971,1.0540943615188971,0.18648648764704023,0.1214812826378866,-0.215780704900299,-0.20655911737114208
0.1,0.5,0.2,0.1,0.1,1.454990657835503,1.051538226093014,1.051538226093014,0.1843199561471267,0.11930117470564583,-0.1925135673894579,-0.18318414380806758
0.1,0.5,0.0,0.4,0.0,1.2781351354605888,1.0510505023795431,1.0510505023795431,0.16192405893864725,0.13436837252235834,-0.19034240028400573,-0.19708091313438947
0.1,0.7,0.0,0.1,0.1,1.436339222833549,1.0507028471882685,1.0507028471882685,0.1767749870034394,0.12175789177394925,-0.17437077258033185,-0.20597967340928902
0.0,0.3,0.4,0.3,0.0,1.3369929666279343,1.0503928399380889,1.0503928399380889,0.16827414287326237,0.12323563340854715,-0.21076164531505526,-0.19219664051762697
0.2,0.2,0.4,0.0,0.2,1.1642398618729282,1.0501594295224101,1.0501594295224101,0.14503506133027688,0.11813506341970026,-0.19976993853905278,-0.1799126639153079
0.3,0.0,0.1,0.6,0.0,1.4457774624511448,1.0500854042879737,1.0500854042879737,0.31242331251302025,0.2161087169241107,-0.26271593902364343,-0.27398449784928414
0.0,0.3,0.0,0.0,0.7,1.3677297117688036,1.049399931303402,1.049399931303402,0.1676901929763952,0.12034235884251565,-0.2101835865892293,-0.1828865364653941
0.0,0.0,0.0,0.5,0.5,1.0839034480484864,1.0486038169355776,1.0486038169355776,0.16957587406650254,0.18123786484886772,-0.23887291407942413,-0.13885934125665167
0.1,0.8,0.0,0.0,0.1,1.5069815321295421,1.0479461119148639,1.0479461119148639,0.18799934793171258,0.1219024980850325,-0.18582384329535162,-0.1946944607856944
0.0,0.6,0.3,0.1,0.0,1.451631308626878,1.0477286812688804,1.0477286812688804,0.18332790931882648,0.1183890735331663,-0.19245392222152236,-0.163653677300453
0.0,0.2,0.6,0.0,0.2,1.2210806567086085,1.0468592716080714,1.0468592716080714,0.15396578419892726,0.11459198551581196,-0.18714741814219593,-0.16504290634189056
0.0,0.6,0.0,0.2,0.2,1.3658516434762509,1.0466239676223144,1.0466239676223144,0.1716962471305843,0.1224475824828597,-0.2001236409261683,-0.19055712545359182
0.1,0.3,0.6,0.0,0.0,1.361351568701449,1.0463590886137872,1.0463590886137872,0.1729605725601573,0.11414525475196591,-0.16906619121488387,-0.16432037554509804
0.2,0.1,0.0,0.6,0.1,1.3889478547006635,1.046084447105061,1.046084447105061,0.2754495214145811,0.20788408000471725,-0.2387858720265118,-0.23923466691056627
0.1,0.3,0.2,0.0,0.4,1.3726835701901121,1.041917517963652,1.041917517963652,0.17335283842635785,0.11555436315376322,-0.17174656602616445,-0.17714299800012945
0.2,0.2,0.3,0.0,0.3,1.22974957918864,1.0413908818812334,1.0413908818812334,0.15557456212300536,0.11900235847025953,-0.20272356298477046,-0.192690712974811
0.2,0.1,0.0,0.5,0.2,1.3768690507714694,1.0381587522156148,1.0381587522156148,0.2695059968797966,0.2045391675384296,-0.23869920590658933,-0.23221587254807352
0.0,0.6,0.0,0.0,0.4,1.4894940938020655,1.0377877965259759,1.0377877965259759,0.1865806714293048,0.1188571901606319,-0.19316797320335188,-0.1829521789089542
0.0,0.8,0.2,0.0,0.0,1.5328237025116997,1.036683137720958,1.036683137720958,0.19514796400956347,0.11731760433219907,-0.1768363790542431,-0.19166938115813603
0.0,0.4,0.0,0.0,0.6,1.4553373794715692,1.036261784982797,1.036261784982797,0.17938071151343737,0.11840020816303776,-0.20299728279555707,-0.18226676848638912
0.4,0.2,0.4,0.0,0.0,1.0348003970712467,1.2046404561606565,1.0348003970712467,0.13808190067082338,0.17471636703648352,-0.19141897982036482,-0.1887066739805776
0.2,0.3,0.0,0.2,0.3,1.0695745733360484,1.033113486550799,1.033113486550799,0.14803158800997074,0.16075207215864906,-0.21665738899647302,-0.21079252183926178
0.0,0.5,0.0,0.0,0.5,1.4262644044930177,1.0327810690253254,1.0327810690253254,0.1757507824311091,0.1183560692236092,-0.2041149432456849,-0.18227721508520667
0.2,0.5,0.3,0.0,0.0,1.4555246964372879,1.0322590466207007,1.0322590466207007,0.18494729238385355,0.11594061465793803,-0.1691257974592557,-0.19711727531357748
0.1,0.3,0.4,0.0,0.2,1.3009727825856399,1.0313614235983672,1.0313614235983672,0.16262884546535616,0.11289388340284034,-0.18437365793603278,-0.15640609412330198
0.2,0.3,0.1,0.4,0.0,1.0822323234752376,1.0304666669672284,1.0304666669672284,0.14370791707748132,0.14926729432063324,-0.21590758227114493,-0.20865632136466372
0.1,0.1,0.0,0.8,0.0,1.3608584383418196,1.0303918609298066,1.0303918609298066,0.23022400746585814,0.1847645180650428,-0.18909209790748627,-0.21042117462300802
0.4,0.1,0.4,0.1,0.0,1.028044532014629,1.5205341103310985,1.028044532014629,0.14926096055649962,0.25803734500328446,-0.21708849809143616,-0.1792407951594417
0.0,0.7,0.0,0.2,0.1,1.469061923833367,1.0275729718505162,1.0275729718505162,0.1855488226464279,0.11967511902323413,-0.1801987000075378,-0.19181255603111813
0.3,0.1,0.4,0.1,0.1,1.0264744690203569,1.1894290362963402,1.0264744690203569,0.134296615230437,0.16845034642514412,-0.19723099159429558,-0.18992654122632036
0.0,0.3,0.2,0.0,0.5,1.1866595327834506,1.0261805390776955,1.0261805390776955,0.14602553734300505,0.11293329870432589,-0.19530565665026878,-0.17257143502931638
0.0,0.6,0.1,0.0,0.3,1.420216704280993,1.0249267597971288,1.0249267597971288,0.17793593920099116,0.11397052075701297,-0.21361981244488382,-0.19199334611711405
0.3,0.1,0.4,0.0,0.2,1.0210987101559996,1.0977975938072557,1.0210987101559996,0.13309141913265443,0.14434596034289093,-0.20258482690135404,-0.1825483037411958
0.2,0.0,0.2,0.2,0.4,1.062831181484357,1.0204501973018258,1.0204501973018258,0.16846189981675863,0.1620072194854858,-0.22391337886602936,-0.19842344419892632
0.2,0.1,0.1,0.2,0.4,1.0914396457636815,1.0196194838064019,1.0196194838064019,0.17091986206550303,0.1732236606274158,-0.23100600101965885,-0.22322309912837057
0.3,0.3,0.2,0.1,0.1,1.092003429004578,1.0194010665262279,1.0194010665262279,0.1432165289917775,0.14514009722006116,-0.19503453752977917,-0.2098241058290765
0.2,0.3,0.0,0.1,0.4,1.1608160813226416,1.0165280865198296,1.0165280865198296,0.15299954586929343,0.15565128756976265,-0.18027241707598252,-0.2123668054387401
0.3,0.0,0.5,0.1,0.1,1.0193855561846976,1.0158333133307478,1.0158333133307478,0.1344232423109597,0.13625946242268028,-0.19493501555490222,-0.19375938253299274
0.2,0.0,0.2,0.1,0.5,1.2378263437042876,1.0146514272085607,1.0146514272085607,0.20617219730018932,0.16536595454395053,-0.24501327579557175,-0.2210888872269059
0.2,0.2,0.1,0.3,0.2,1.0679438700588557,1.0136064004845462,1.0136064004845462,0.14937868913189067,0.15627564036850639,-0.21812695743961985,-0.201459088522417
0.1,0.4,0.3,0.1,0.1,1.4921972075486942,1.0120579802923328,1.0120579802923328,0.19178905869614993,0.11357639246945372,-0.17658534154695338,-0.17198488803207734
0.2,0.4,0.0,0.4,0.0,1.011271555976955,1.0221374834620243,1.011271555976955,0.13408173816929914,0.15077272671135789,-0.213494959492737,-0.20490042493714533
0.2,0.3,0.3,0.0,0.2,1.3731677508400268,1.010647644784127,1.010647644784127,0.17399148569866596,0.11542952386845884,-0.1969988071114004,-0.2004797407340897
0.0,0.5,0.2,0.3,0.0,1.282717780244425,1.0105825902119543,1.0105825902119543,0.1598682803485043,0.1179062411417755,-0.20331211939600524,-0.19227546501814485
0.2,0.2,0.2,0.2,0.2,1.009560756919882,1.1888942902221578,1.009560756919882,0.13068282469260661,0.1696408904595963,-0.19044104439728382,-0.199499481416468
0.0,0.4,0.3,0.1,0.2,1.3158483569873387,1.0092654134884977,1.0092654134884977,0.1639136575113449,0.11427277051844098,-0.21291185819977176,-0.17472211647133928
0.2,0.4,0.2,0.0,0.2,1.2907103619609968,1.0089676204038536,1.0089676204038536,0.16086227814583465,0.11660546428522855,-0.16877503753693346,-0.19761280540004
0.1,0.0,0.2,0.0,0.7,1.0045785202815851,1.050268514671,1.0045785202815851,0.12614686615661208,0.12171687265170239,-0.17910797800703482,-0.1533000904891587
0.3,0.2,0.2,0.2,0.1,1.0026150151104118,1.1977942971293778,1.0026150151104118,0.14105492244164997,0.19217340866591104,-0.21792557577511984,-0.18872005134167058
0.1,0.4,0.0,0.3,0.2,1.1545308597209611,1.0024531466500133,1.0024531466500133,0.14340263467320402,0.1260105316053166,-0.18419274156784227,-0.2213973178372034
0.2,0.0,0.8,0.0,0.0,1.1309656833793058,1.0018577427806252,1.0018577427806252,0.1418025363313642,0.11558679546892336,-0.17178578932343602,-0.1774545657238774
0.2,0.3,0.0,0.3,0.2,1.3002442710907145,1.0018466568221658,1.0018466568221658,0.184019272675781,0.15723730789547097,-0.19509053110433727,-0.21761898298521332
0.3,0.0,0.4,0.0,0.3,1.0562859929251498,1.001617780535319,1.001617780535319,0.1490675997712727,0.14232011296231328,-0.22540051642147352,-0.18192085680618564
0.0,0.0,0.0,0.4,0.6,1.00064879699253,1.0159578314144906,1.00064879699253,0.15363003990732782,0.1740557953516373,-0.24631410902201722,-0.13889273377208455
0.2,0.5,0.0,0.1,0.2,1.4061767897626347,1.0006061484349216,1.0006061484349216,0.17828662261799133,0.12651765758606603,-0.17231052316973272,-0.24074009539761654
0.2,0.0,0.1,0.1,0.6,1.46408678733378,0.9983958453869319,0.9983958453869319,0.30300476382994734,0.20889386098536922,-0.2596797413762224,-0.27562876843303985
0.0,0.5,0.1,0.0,0.4,1.4095296723532986,0.9977572935410924,0.9977572935410924,0.17573199240658144,0.11120568371048956,-0.22012294368462337,-0.19204199367134478
0.1,0.2,0.5,0.0,0.2,1.2357183386484005,0.9973983596779266,0.9973983596779266,0.15507622507636154,0.1093854268099328,-0.1917768787909676,-0.15497153717194867
0.1,0.0,0.0,0.5,0.4,1.4316253227292648,0.9971910471576222,0.9971910471576222,0.30263355387966406,0.21267952221910047,-0.30309454344848163,-0.1947938912826752
0.1,0.2,0.6,0.0,0.1,1.2870099383541072,0.9949509149547913,0.9949509149547913,0.16365179207236236,0.10951491492721122,-0.18080926498757222,-0.15622718342277797
0.3,0.3,0.1,0.1,0.2,0.994212593461865,1.30717619090359,0.994212593461865,0.1344902909687018,0.21509544052826124,-0.222535232848459,-0.18177027361863463
0.3,0.2,0.3,0.2,0.0,0.9938411354294581,1.1230044014203102,0.9938411354294581,0.13005749286013613,0.164149924235788,-0.18464303219276712,-0.18895465189771676
0.3,0.0,0.6,0.0,0.1,0.9929436725597673,1.134512804560526,0.9929436725597673,0.12386873909340057,0.1320949309572914,-0.19997651339591282,-0.15334855469645015
0.0,0.0,0.0,0.8,0.2,1.1017123022741848,0.9926283312422117,0.9926283312422117,0.17961570333972166,0.1779183106404365,-0.21979831179238796,-0.13885477883236153
0.0,0.8,0.0,0.2,0.0,1.4799936946671626,0.9922721786672065,0.9922721786672065,0.18596584718328124,0.11401479506246304,-0.17102788926553159,-0.19114104311852176
0.3,0.1,0.6,0.0,0.0,1.1515253897656612,0.9919645130513116,0.9919645130513116,0.1474550444539282,0.1118113702339123,-0.19232395155199555,-0.17622717050595682
0.1,0.4,0.3,0.2,0.0,1.4164764126408016,0.991534845668847,0.991534845668847,0.1809177253668175,0.11641999892033894,-0.18323897784438958,-0.17677305208850502
0.2,0.0,0.0,0.5,0.3,1.6617099955149948,0.9914051051692973,0.9914051051692973,0.4041813041383999,0.2335848617935019,-0.22991827303741563,-0.2559728724169078
0.0,0.2,0.1,0.0,0.7,1.3268638699180828,0.9903682044780362,0.9903682044780362,0.16527104956373417,0.10851519989599301,-0.18939439228001453,-0.17454633979151934
0.1,0.6,0.3,0.0,0.0,1.3243900199081102,0.9882797611174837,0.9882797611174837,0.16658544644983952,0.11027922787021427,-0.18004333780971848,-0.19377003902783863
0.0,0.5,0.3,0.1,0.1,1.4251618519616587,0.9862977795502448,0.9862977795502448,0.17884381197444355,0.11071344278653772,-0.21599767884435828,-0.1693276708204735
0.3,0.0,0.2,0.2,0.3,1.421897636770526,0.9854009506806704,0.9854009506806704,0.2778457884810914,0.19292792799765657,-0.236670770949596,-0.2563581085296942
0.2,0.6,0.1,0.0,0.1,1.4398532604973513,0.9808944471432278,0.9808944471432278,0.18218176665467167,0.11409942754137781,-0.17108820846193518,-0.20714665736808335
0.2,0.0,0.3,0.0,0.5,0.9790100921036567,1.1675423963552884,0.9790100921036567,0.12708861355507417,0.1502531111961496,-0.20197443259621173,-0.15822904981931152
0.0,0.0,0.0,0.9,0.1,1.1537545859343634,0.9784276331720314,0.9784276331720314,0.19397383872312401,0.17571464124346803,-0.21225772917896224,-0.13887262709847825
0.0,0.0,0.0,0.7,0.3,1.1480833861125126,0.9771905095945818,0.9771905095945818,0.18659592729923236,0.17085107184860515,-0.21092818467741625,-0.1388195922486597
0.3,0.2,0.3,0.1,0.1,0.9770998895254004,0.9880075189198135,0.9770998895254004,0.12615819228087366,0.13967411522611606,-0.19462613892814284,-0.18974768960740152
0.0,0.9,0.0,0.1,0.0,1.5672856564554827,0.9770187544884779,0.9770187544884779,0.19932065025487944,0.11118579550118524,-0.2107130738469949,-0.20591586918288884
0.3,0.0,0.3,0.3,0.1,1.1702100279015295,0.9769358273477848,0.9769358273477848,0.18946720377308957,0.15586862970125415,-0.2239552642660515,-0.1985138260378967
0.2,0.2,0.1,0.2,0.3,1.1089101811783149,0.9759121175850205,0.9759121175850205,0.15543363643286212,0.1483860390771632,-0.21693619429086963,-0.20681225423104477
0.0,0.0,0.0,0.3,0.7,0.9753550067677121,1.1079865334401542,0.9753550067677121,0.14784066619733638,0.19306807866851972,-0.2496033860925062,-0.1388371178902893
0.0,0.2,0.6,0.1,0.1,1.2669234287116924,0.9752428073748688,0.9752428073748688,0.16177334532015597,0.10671156057334907,-0.18419821493116018,-0.1640826207763264
0.0,0.4,0.2,0.2,0.2,1.3640463570639745,0.9751664872587927,0.9751664872587927,0.1721533439213907,0.11406107583516234,-0.1907418332446955,-0.18713949114965478
0.3,0.1,0.5,0.0,0.1,0.9747603914700065,0.9909511729423452,0.9747603914700065,0.12300988804221857,0.1150790768015506,-0.2071597507790437,-0.1821467974869
0.3,0.2,0.4,0.1,0.0,0.9843610129861751,0.9741917176902316,0.9741917176902316,0.1237695216733612,0.12212808125105301,-0.2042465420159839,-0.1882480618725898
0.2,0.0,0.7,0.0,0.1,0.9978609962568856,0.9740088237043468,0.9740088237043468,0.12323574269231563,0.11173697207485067,-0.18662881986426738,-0.17740001725919075
0.0,0.6,0.1,0.3,0.0,1.339853796962653,0.9735542474581692,0.9735542474581692,0.16680298462119647,0.11241613851856447,-0.19667404615265915,-0.1924025492611965
0.1,0.4,0.0,0.4,0.1,1.1336756490688704,0.9725411476212926,0.9725411476212926,0.14123945384952075,0.12640292557227695,-0.21053225691128574,-0.19815288325498537
0.2,0.0,0.6,0.0,0.2,1.0870399757250226,0.9722227407674006,0.9722227407674006,0.13476706700803898,0.11050359953473521,-0.17568760827213703,-0.16751259481852843
0.1,0.5,0.2,0.2,0.0,1.3776421703484452,0.9720425863447287,0.9720425863447287,0.17461738096796808,0.1126828491630667,-0.18684341658427805,-0.19446075296212462
0.1,0.1,0.6,0.1,0.1,1.1037291659081943,0.9709414530699931,0.9709414530699931,0.13793501359716465,0.11004963874523521,-0.19663291184835552,-0.1588087329467086
0.1,0.1,0.0,0.7,0.1,1.1740667648604204,0.9703213414341189,0.9703213414341189,0.1898555109865454,0.1701195311365804,-0.20627150229099422,-0.19768256641582949
0.0,0.6,0.4,0.0,0.0,1.3932996603645789,0.9701343361428603,0.9701343361428603,0.17495231238709885,0.10669239232164274,-0.17477705589142212,-0.17284509703225615
0.1,0.4,0.2,0.0,0.3,1.3216025178878108,0.9697949107873236,0.9697949107873236,0.16725282394197794,0.10782114277237209,-0.19355234454596293,-0.19323585525551656
0.3,0.1,0.3,0.2,0.1,0.9678939233056311,1.1549916353624112,0.9678939233056311,0.13597243921061053,0.18074660746903426,-0.21718472726874227,-0.17841629721830643
0.0,0.4,0.1,0.0,0.5,1.356539288845817,0.9675525253383171,0.9675525253383171,0.16929411236285707,0.10854082436965595,-0.21130912325736206,-0.19192946026348157
0.2,0.2,0.0,0.3,0.3,1.1316426427576478,0.9662685095036745,0.9662685095036745,0.17859396946696604,0.16698573325125743,-0.20807802615140525,-0.25381701799881917
0.3,0.1,0.2,0.3,0.1,1.1672174729213458,0.9646139612032136,0.9646139612032136,0.18982819641992976,0.15941113814248453,-0.21809409175632544,-0.22728014676723984
0.0,0.3,0.4,0.1,0.2,1.3265157733759327,0.9614027844119521,0.9614027844119521,0.16877610434985502,0.10600293958693818,-0.21866568240098327,-0.1642584262857809
0.0,0.4,0.3,0.3,0.0,1.2602063134774706,0.9604772646631148,0.9604772646631148,0.15684064525081465,0.11189626090344951,-0.21947019462397233,-0.19696787366505608
0.3,0.2,0.2,0.3,0.0,0.9602570652044179,1.4129782584369466,0.9602570652044179,0.13840934821484963,0.23253682415809784,-0.2167808004045494,-0.176097275297885
0.4,0.0,0.5,0.1,0.0,0.959921599453449,1.2630126439345257,0.959921599453449,0.13676127384442816,0.20625685557534368,-0.2324653016642697,-0.18239914826887116
0.1,0.4,0.0,0.5,0.0,0.9630630662945795,0.9592123196104356,0.9592123196104356,0.12265197978521458,0.12779050936628722,-0.2471931600729117,-0.21352583478005782
0.2,0.6,0.0,0.0,0.2,1.4185754704305218,0.9586645595687843,0.9586645595687843,0.17664696449814454,0.11493752482862107,-0.1643874155654047,-0.21524348891362333
0.2,0.6,0.2,0.0,0.0,1.49677578920321,0.9563691603363063,0.9563691603363063,0.19137329728947217,0.10725048325816489,-0.16946159738479927,-0.20709417598697522
0.0,0.1,0.0,0.9,0.0,0.9563374608417743,1.0314614823937587,0.9563374608417743,0.13568877976770732,0.15788651063370462,-0.230275643995699,-0.16706866055949177
0.1,0.1,0.1,0.0,0.7,1.2531530030699471,0.9557411323200601,0.9557411323200601,0.1591616790438526,0.11504289000230972,-0.18313804791517796,-0.20127454651494303
0.4,0.0,0.6,0.0,0.0,0.9552475113655211,1.1558534172547223,0.9552475113655211,0.13259827191986218,0.15170585427667893,-0.2229733695212721,-0.15840017608633106
0.1,0.1,0.7,0.1,0.0,1.164542766388018,0.9538935426748076,0.9538935426748076,0.14741335894155205,0.1066942991368176,-0.1955253578038615,-0.15175695263434952
0.1,0.2,0.7,0.0,0.0,1.2950443457017886,0.9515486866627564,0.9515486866627564,0.16403224681450745,0.10485824259525622,-0.16931451853087287,-0.16480150599342902
0.0,0.6,0.3,0.0,0.1,1.4700318231554323,0.9469397324904439,0.9469397324904439,0.18655954401017816,0.10353987602515646,-0.17467734872184804,-0.174650556712992
0.3,0.0,0.2,0.3,0.2,1.532255395945144,0.9454139014430185,0.9454139014430185,0.2952858894663146,0.17765628749569062,-0.23669854330613227,-0.2538776231499449
0.1,0.4,0.4,0.0,0.1,1.2770406668677714,0.9445156906975469,0.9445156906975469,0.15981256200181604,0.1030446412127266,-0.17592979327836578,-0.16511984913731104
0.1,0.1,0.0,0.6,0.2,1.1268245751450183,0.9434879180431995,0.9434879180431995,0.1784523781426819,0.1572554836593385,-0.20973448604060418,-0.20634141239417747
0.1,0.5,0.1,0.0,0.3,1.401922952575483,0.9426929694895966,0.9426929694895966,0.17723517147617307,0.10756284502761027,-0.18227107826654987,-0.20223979293353656
0.0,0.0,0.0,0.2,0.8,0.952709166414399,0.9419781676673799,0.9419781676673799,0.14078371254567035,0.15862091403467904,-0.21792936802901164,-0.13878944224537104
0.4,0.1,0.5,0.0,0.0,0.9417818571926606,1.0710895756316985,0.9417818571926606,0.12885889613962265,0.14932709761271878,-0.22376905833559468,-0.18250169787703696
0.0,0.4,0.6,0.0,0.0,1.2438395446942538,0.9411489823404707,0.9411489823404707,0.15842558452474353,0.1024780520444617,-0.18416631738073697,-0.1765713508698381
0.3,0.3,0.1,0.2,0.1,0.9409641184507939,1.2608690902617752,0.9409641184507939,0.12922404337127658,0.20674908029580918,-0.2166829932310148,-0.1767559524273693
0.1,0.4,0.1,0.0,0.4,1.4053925829762042,0.9406526915130378,0.9406526915130378,0.17751593469011495,0.10615749186971168,-0.1775040211397868,-0.2023527059810094
0.2,0.4,0.0,0.2,0.2,1.1742364282916462,0.9400526207766464,0.9400526207766464,0.15034155780408498,0.13315436244855294,-0.18825853880370258,-0.22868799125230765
0.1,0.3,0.0,0.6,0.0,1.2306048452439466,0.9391017398912114,0.9391017398912114,0.16860400723522173,0.1291536090815213,-0.19255280389807172,-0.21275057549674758
0.2,0.7,0.0,0.0,0.1,1.5139113797209502,0.9384241640289165,0.9384241640289165,0.19166658005115633,0.11005136088385736,-0.16502336960042552,-0.21596959138935157
0.0,0.7,0.1,0.1,0.1,1.4553017452546606,0.9380528252852867,0.9380528252852867,0.1814673111086058,0.10490858296336159,-0.21002030849045228,-0.1955425828039311
0.1,0.2,0.4,0.1,0.2,1.348097373399136,0.9375652819126121,0.9375652819126121,0.17215406519894572,0.1067259090862056,-0.19119014443416593,-0.15729405577366062
0.2,0.2,0.2,0.4,0.0,0.9998002000390795,0.9373877924723042,0.9373877924723042,0.13194458769924888,0.13008065887689724,-0.2125949401511844,-0.20562727392460933
0.0,0.5,0.4,0.1,0.0,1.4061264385498484,0.9368089065532931,0.9368089065532931,0.17656707931177507,0.10219993458161802,-0.17647429892234512,-0.1819139293644474
0.1,0.1,0.2,0.0,0.6,1.2584948472225512,0.9367897223683748,0.9367897223683748,0.1583409214917597,0.10317376909643028,-0.17209056873330475,-0.17990194282592942
0.3,0.1,0.4,0.2,0.0,0.9346821088923217,1.3115332002361784,0.9346821088923217,0.12614951398678675,0.193643711337236,-0.20730739970915146,-0.20496152830676373
0.2,0.2,0.5,0.1,0.0,1.2899762727683652,0.9335048815504906,0.9335048815504906,0.1629198424476257,0.10569958527935253,-0.1919965027664453,-0.17992702058038723
0.2,0.5,0.1,0.0,0.2,1.388588303565093,0.9325914337019368,0.9325914337019368,0.173305804507486,0.10771520436231952,-0.16971561307564664,-0.2074037953645793
0.1,0.4,0.5,0.0,0.0,1.358899214673816,0.9322554813846836,0.9322554813846836,0.17210604438791677,0.10059057727018406,-0.17517383515359874,-0.16814730923390453
0.0,0.4,0.3,0.2,0.1,1.3971238648257975,0.9321898207238875,0.9321898207238875,0.17543840118072174,0.10805289329802847,-0.18610750605990956,-0.1712016093908939
0.2,0.2,0.2,0.3,0.1,1.0833617968898976,0.9321593384804201,0.9321593384804201,0.14382364539280945,0.13000252234257625,-0.1920043597901414,-0.20668890130115358
0.3,0.0,0.2,0.4,0.1,1.467521354147464,0.9319026273244981,0.9319026273244981,0.2775365374305505,0.16965818011809786,-0.23669559338043955,-0.24155196434047677
0.0,0.4,0.1,0.2,0.3,1.3259798407807775,0.9304068022184006,0.9304068022184006,0.1667805280942074,0.1075233020034243,-0.19813661888549294,-0.19237320602438712
0.2,0.3,0.2,0.2,0.1,1.2299926676376665,0.9298172795339408,0.9298172795339408,0.15282149987980898,0.12048679166398202,-0.1880633239024434,-0.21758066950412336
0.1,0.2,0.1,0.0,0.6,1.3695478155422551,0.9293007233263824,0.9293007233263824,0.17433884967922397,0.10498884479620663,-0.18802459601079757,-0.19755985452409408
0.2,0.5,0.2,0.0,0.1,1.4606054817914291,0.9288773421498601,0.9288773421498601,0.18528567208398394,0.10447012941472145,-0.16904527298047467,-0.20820583504887757
0.0,0.3,0.6,0.0,0.1,1.2827165425643074,0.9269673003326849,0.9269673003326849,0.16378838695708864,0.10045694451909859,-0.18308123590913739,-0.18107123557275284
0.0,0.2,0.2,0.0,0.6,1.2999098691136555,0.9267194128427673,0.9267194128427673,0.16307883793246347,0.1005064852838562,-0.18563763044470172,-0.17397955727179237
0.0,0.2,0.7,0.0,0.1,1.2982548417206132,0.9258937514251131,0.9258937514251131,0.1629455101632502,0.100492852524801,-0.1832533522192501,-0.16552676277941814
0.0,0.5,0.4,0.0,0.1,1.2829176223621586,0.9250419486487025,0.9250419486487025,0.16026926028119792,0.10058189458710642,-0.1745783458990614,-0.1740536831528121
0.1,0.1,0.5,0.0,0.3,1.0994363980750497,0.9248357278831837,0.9248357278831837,0.13590371048861338,0.1017834364026513,-0.1781378114862926,-0.14696519008047593
0.3,0.0,0.2,0.5,0.0,1.5757120015153958,0.9239612864160905,0.9239612864160905,0.3085532602843173,0.16659890632745644,-0.22768349802656207,-0.2729158364321881
0.2,0.0,0.6,0.1,0.1,1.054158801908449,0.9235387360759494,0.9235387360759494,0.1308503725402239,0.10726445445678312,-0.20958832589749488,-0.18863687637950965
0.3,0.2,0.2,0.1,0.2,0.9228366992283443,1.0870607850944243,0.9228366992283443,0.1250522422963829,0.1688877755973528,-0.22266481880075306,-0.18248229661533544
0.1,0.1,0.4,0.1,0.3,1.246383345724094,0.9225747998432133,0.9225747998432133,0.15721444828501285,0.10710236990672595,-0.18105101267787138,-0.17012571835074064
0.1,0.3,0.4,0.2,0.0,1.4460262248083784,0.9223546147045389,0.9223546147045389,0.1864728479631954,0.10729100716877271,-0.18683988993722112,-0.16859999242283719
0.2,0.1,0.2,0.0,0.5,1.064160251809127,0.9205861955890198,0.9205861955890198,0.13982289017031513,0.1240960171497465,-0.20134726726973362,-0.18850100770571954
0.0,0.3,0.5,0.0,0.2,1.2488104282394035,0.9198993175261942,0.9198993175261942,0.15850395089788716,0.1001663599986331,-0.19047572639599286,-0.18198698607356323
0.0,0.7,0.3,0.0,0.0,1.49257166026491,0.9164258994010464,0.9164258994010464,0.18856917818403152,0.10058910112690356,-0.1747220588747569,-0.18366889883218718
0.0,0.1,0.6,0.3,0.0,1.2228445994898212,0.9149236310798124,0.9149236310798124,0.15210699149626628,0.10818870778409395,-0.19013985820339796,-0.18964890593135986
0.0,0.3,0.5,0.1,0.1,1.3396165448434387,0.9142637138584296,0.9142637138584296,0.1701908785201547,0.09935336742736944,-0.19971699945468513,-0.1736414540130512
0.2,0.2,0.5,0.0,0.1,1.176525483216089,0.9140802087980626,0.9140802087980626,0.14498153404052472,0.09922361052847162,-0.17898199803131176,-0.18439590742158174
0.1,0.5,0.1,0.1,0.2,1.3998950884655237,0.9135113251907139,0.9135113251907139,0.17544220614728046,0.10402490666074304,-0.18978719669456423,-0.19758944941171286
0.0,0.5,0.2,0.1,0.2,1.407366078197218,0.9133534379007354,0.9133534379007354,0.17772654979404945,0.1021701728260962,-0.22344796882945583,-0.17946693555642257
0.4,0.0,0.2,0.2,0.2,1.6848731204174658,0.9131685785131476,0.9131685785131476,0.3648166439258562,0.18764836547371289,-0.2367331782629184,-0.27576759096915193
0.2,0.1,0.5,0.1,0.1,1.105881428071168,0.911818075447632,0.911818075447632,0.1375378767832287,0.10581505133060132,-0.20082467821965966,-0.19551568109480233
0.1,0.1,0.0,0.4,0.4,1.157108075081149,0.9117344229185467,0.9117344229185467,0.180977422861186,0.14754222689192775,-0.1831491161763361,-0.2145255253534647
0.0,0.6,0.0,0.1,0.3,1.4605657224330746,0.9116348306863813,0.9116348306863813,0.18288705800009986,0.1028772375180469,-0.19361741502687002,-0.20486856553023414
0.1,0.0,0.4,0.0,0.5,0.9186930206899944,0.9090909585806689,0.9090909585806689,0.11214282096881623,0.10376113354481142,-0.20576190735650168,-0.17753974574361653
0.0,0.2,0.8,0.0,0.0,1.3017240479412393,0.9089351130807577,0.9089351130807577,0.16406561324827318,0.09844432972195305,-0.1830027586003753,-0.16552676277941814
0.0,0.4,0.5,0.0,0.1,1.2733023853128007,0.9087551501302494,0.9087551501302494,0.1598024254213064,0.09852439438146243,-0.1838827846257315,-0.1718687993747431
0.2,0.1,0.6,0.0,0.1,1.2195936252736668,0.9086981936447713,0.9086981936447713,0.1519839376919201,0.10178683651146914,-0.1715915673178564,-0.16815350009875107
0.2,0.1,0.3,0.3,0.1,0.9837868797836199,0.9081668224054402,0.9081668224054402,0.1299144040632052,0.12176584941082846,-0.22216915082625566,-0.21823012641979012
0.1,0.5,0.4,0.0,0.0,1.335380844266168,0.9072345785387355,0.9072345785387355,0.16840555667895996,0.0981243589792824,-0.17585312494754368,-0.17331441756380028
0.1,0.0,0.0,0.4,0.5,1.288046472089028,0.9069848665329671,0.9069848665329671,0.26518234763174897,0.19308728572759426,-0.30791970383940803,-0.20281518783621666
0.1,0.3,0.0,0.5,0.1,1.1149344562682608,0.905373745844937,0.905373745844937,0.14663375759015174,0.12257786824563954,-0.2041408152637778,-0.20018815072841056
0.1,0.0,0.1,0.1,0.7,1.0062481354372899,0.9050716024043882,0.9050716024043882,0.15813101996139212,0.14253523337995855,-0.23219939463824169,-0.19837319764641703
0.0,0.5,0.5,0.0,0.0,1.314342403136307,0.9043991634305906,0.9043991634305906,0.1661612721489969,0.0979296225961519,-0.1842243968974392,-0.1740352478733712
0.2,0.3,0.4,0.1,0.0,1.4004249498784924,0.9042888982291852,0.9042888982291852,0.1776478498808245,0.10368525626865299,-0.17501889978025809,-0.17761173349864323
0.1,0.3,0.0,0.0,0.6,1.4282381678734322,0.9037358403510134,0.9037358403510134,0.17839815807910053,0.10712675974927133,-0.1641452779639484,-0.21444914636558976
0.1,0.2,0.3,0.0,0.4,1.1983902593415812,0.9025791728305398,0.9025791728305398,0.14804739793169586,0.09747783464191895,-0.1871616026346098,-0.16881432888012116
0.2,0.3,0.5,0.0,0.0,1.2990946577330136,0.9025317810783132,0.9025317810783132,0.16147217811758408,0.09821435067871609,-0.1770402572895392,-0.17907945659003366
0.2,0.2,0.0,0.6,0.0,1.0993077653436305,0.9022403912200118,0.9022403912200118,0.17554026708163106,0.14999106217806424,-0.20584654624777288,-0.23467341675833353
0.0,0.6,0.0,0.3,0.1,1.4463813662268326,0.9021436995535003,0.9021436995535003,0.18007472437288885,0.10277544262864335,-0.17995480953017817,-0.19974552433758475
0.1,0.2,0.0,0.3,0.4,1.0733455026839807,0.9015199826908333,0.9015199826908333,0.1424212175256745,0.12636605630257658,-0.18631764907761394,-0.19729262201945374
0.2,0.2,0.2,0.1,0.3,1.1296063985978135,0.9010176617174116,0.9010176617174116,0.14112962083110614,0.11855899920409008,-0.19486650267446237,-0.198881858945413
0.2,0.2,0.1,0.1,0.4,1.0982932441123106,0.9008653366597467,0.9008653366597467,0.14550034767973474,0.13171353897738425,-0.18944238720112228,-0.2100846263031868
0.0,0.4,0.2,0.0,0.4,1.3539016490047744,0.8994345841478224,0.8994345841478224,0.16858541365671842,0.09752758653036708,-0.19487236979977296,-0.17490878453259562
0.0,0.3,0.3,0.3,0.1,1.3305366113146382,0.8988896922544377,0.8988896922544377,0.16769497285190682,0.10471696074652947,-0.22056108935774554,-0.19984908139281687
0.2,0.0,0.1,0.5,0.2,1.3477098511608394,0.8985416387204336,0.8985416387204336,0.2635252900137235,0.16940856773665058,-0.23864155152210909,-0.23975780444030426
0.0,0.3,0.2,0.1,0.4,1.4667623327828774,0.8984726916351035,0.8984726916351035,0.1846003400659353,0.10199288270716345,-0.17313886397684908,-0.17484929349189182
0.3,0.0,0.5,0.0,0.2,0.8968961328307623,0.93890865130443,0.8968961328307623,0.1140476237678012,0.11317913052518902,-0.19994635979790643,-0.173595529734752
0.3,0.0,0.3,0.4,0.0,1.0739664340551551,0.8964129500117203,0.8964129500117203,0.1743303156768654,0.14400797671158583,-0.21806269360975772,-0.229162597613758
0.1,0.2,0.0,0.1,0.6,1.202491102673885,0.8951666444269053,0.8951666444269053,0.14897810167227576,0.12444855834343382,-0.18539106772587777,-0.22874492151860604
0.0,0.2,0.5,0.1,0.2,1.1954058093743878,0.8934704132232617,0.8934704132232617,0.15152607051867806,0.09741685366303776,-0.19368411700849475,-0.1785823052122777
0.2,0.4,0.0,0.1,0.3,1.3276144052097096,0.8926896270313455,0.8926896270313455,0.1703954122022946,0.12044483400687289,-0.17201396559583093,-0.21632907714839622
0.1,0.3,0.4,0.1,0.1,1.340546395639823,0.891852231268126,0.891852231268126,0.17069826738684757,0.10011244446046996,-0.1916632196919793,-0.17143418079132078
0.2,0.1,0.2,0.2,0.3,0.8912981298833428,1.079252971101968,0.8912981298833428,0.12178724056253865,0.15984232497356676,-0.20814625377393414,-0.1984959254777836
0.2,0.3,0.0,0.4,0.1,1.2217894597845917,0.8872464791128248,0.8872464791128248,0.17192568881599413,0.1332910101836393,-0.18638336219801288,-0.20544045640672193
0.0,0.2,0.2,0.1,0.5,1.3907002326935778,0.8865467068695762,0.8865467068695762,0.17378118693530364,0.10146847280804772,-0.1818602308070607,-0.17155991628481038
0.3,0.1,0.5,0.1,0.0,0.9963045613400576,0.8852865368822311,0.8852865368822311,0.1261208665315925,0.11200532727482515,-0.20613864240389013,-0.21519831688584912
0.0,0.3,0.6,0.1,0.0,1.343187501606706,0.8840449224509237,0.8840449224509237,0.17038768273445637,0.09529744424637587,-0.17241291674698855,-0.18113724820538302
0.1,0.3,0.5,0.1,0.0,1.2988692576287248,0.8831959769626205,0.8831959769626205,0.16609820519299268,0.09804451420146476,-0.17892507565675253,-0.18633870591505275
0.1,0.0,0.7,0.1,0.1,1.0948802218894387,0.8830999567593976,0.8830999567593976,0.13863138297463062,0.09961425833196813,-0.18715890693561932,-0.15925617599193354
0.1,0.3,0.3,0.2,0.1,1.303508299289205,0.8829996275888242,0.8829996275888242,0.16417343107862714,0.10469499604019239,-0.19169598195985738,-0.1838374768513069
0.0,0.1,0.3,0.0,0.6,1.141266747958829,0.8825887264500982,0.8825887264500982,0.14136471557125452,0.09440105463213744,-0.18409399401772175,-0.16440992253053766
0.1,0.5,0.1,0.2,0.1,1.4105472738430884,0.8818215981708369,0.8818215981708369,0.17920030001327136,0.10254683196479109,-0.17667433487102013,-0.19434211611147534
0.1,0.0,0.8,0.1,0.0,1.139016098557108,0.8816500897406907,0.8816500897406907,0.14558090602740292,0.09855103552259847,-0.20576628961295285,-0.1522374055313923
0.2,0.3,0.0,0.5,0.0,1.2733708611230934,0.8801652248082882,0.8801652248082882,0.18429716267443674,0.1346311312741424,-0.1919332848923596,-0.2160284618712046
0.1,0.3,0.0,0.4,0.2,1.021622761227196,0.8801377573801143,0.8801377573801143,0.13080018384359682,0.11524341544036765,-0.20737341199819337,-0.20056080869212123
0.0,0.4,0.4,0.1,0.1,1.3417442313202657,0.8799822775852069,0.8799822775852069,0.16774937831455428,0.0956648465465193,-0.2141278843802661,-0.18511012521613712
0.1,0.1,0.1,0.1,0.6,1.1545710268185452,0.874666697779972,0.874666697779972,0.1467709736720766,0.11832957424216128,-0.19634529385050592,-0.19952910655797462
0.0,0.1,0.2,0.0,0.7,1.0775195519799152,0.8740685228339269,0.8740685228339269,0.13210136119171856,0.09451987581976895,-0.18770317088334032,-0.18108979452583984
0.0,0.3,0.4,0.0,0.3,1.2789269353607213,0.873704830288053,0.873704830288053,0.16186903458246027,0.09466022262738072,-0.1870526504463268,-0.17206321819314796
0.1,0.2,0.3,0.1,0.3,1.2960557066981653,0.8728716513658632,0.8728716513658632,0.16390264437761504,0.09953062101267962,-0.18960762129447117,-0.16616935012201473
0.0,0.2,0.1,0.1,0.6,1.2790140988182757,0.8704984766791638,0.8704984766791638,0.1571977743836961,0.10042413437732556,-0.19426623059567072,-0.1719979285930089
0.3,0.0,0.1,0.5,0.1,1.279811041750226,0.8700830708383099,0.8700830708383099,0.26706110269563443,0.18221089849086014,-0.251465947857498,-0.2621055904022924
0.1,0.1,0.6,0.0,0.2,1.1808932786031296,0.8699231893389296,0.8699231893389296,0.1478414697224797,0.09500431760866257,-0.1781378114862926,-0.15451755961272384
0.0,0.5,0.3,0.0,0.2,1.325607491797667,0.8683845769274475,0.8683845769274475,0.16595097956327076,0.09414456856891706,-0.1960452096748141,-0.173858286323601
0.1,0.6,0.0,0.1,0.2,1.483733752435312,0.8683077997039647,0.8683077997039647,0.18646357691065396,0.1010526578068518,-0.1703014010633147,-0.2272218743700134
0.2,0.5,0.1,0.1,0.1,1.3975372466203995,0.8677614336356692,0.8677614336356692,0.1768918295916453,0.1032095977599401,-0.17098711890071927,-0.22707782540114285
0.2,0.6,0.0,0.1,0.1,1.4396508267995256,0.8630893862567376,0.8630893862567376,0.17916363544840608,0.10199659105193093,-0.17446575985018198,-0.2276556267913209
0.0,0.4,0.0,0.6,0.0,0.9160608520924501,0.8619364909858658,0.8619364909858658,0.11664991681921877,0.1109951257134223,-0.2497401442199657,-0.21327826288685137
0.0,0.7,0.2,0.1,0.0,1.518844716644988,0.86165668952011,0.86165668952011,0.19337997239247606,0.09565255274801698,-0.20357581529917934,-0.1927459283227848
0.1,0.0,0.3,0.0,0.6,1.082348037407404,0.8601933760627027,0.8601933760627027,0.13468959334100328,0.09621536437250322,-0.16931141806389638,-0.16753013093644187
0.0,0.6,0.2,0.1,0.1,1.454199973532729,0.8601382952544984,0.8601382952544984,0.18400357519957544,0.09518323472006718,-0.22505194209206492,-0.1860860127083801
0.0,0.1,0.0,0.8,0.1,0.8601255687920286,1.0145537147908783,0.8601255687920286,0.11872645300314466,0.1540120458045684,-0.21211658503083053,-0.16715438717462128
0.0,0.3,0.1,0.0,0.6,1.3442321684399943,0.859547943318445,0.859547943318445,0.1649957207961934,0.09389245123416368,-0.18976112261017408,-0.19215177695894647
0.0,0.5,0.0,0.2,0.3,1.3194278384984492,0.8581404668557026,0.8581404668557026,0.1655542699166983,0.0975822746012085,-0.2005097321048278,-0.20860082192808838
0.1,0.2,0.0,0.7,0.0,1.153600679834947,0.8569420737143216,0.8569420737143216,0.16664882127591207,0.12308174755649648,-0.20822339024776615,-0.21500413377654137
0.1,0.3,0.0,0.2,0.4,1.117429308466904,0.8556724111834728,0.8556724111834728,0.13691756748236128,0.10689996719934403,-0.19822124342592373,-0.2158938913663041
0.2,0.0,0.1,0.4,0.3,1.2754578861903076,0.8556669810375259,0.8556669810375259,0.2476072164005152,0.1609147044419421,-0.23670379709337375,-0.27157547250430125
0.0,0.1,0.0,0.0,0.9,1.349299040300508,0.8555523735571802,0.8555523735571802,0.168953189718821,0.09592936569596233,-0.21980031723053806,-0.18292862630775297
0.3,0.1,0.3,0.1,0.2,0.8554249277310916,1.157987633021853,0.8554249277310916,0.11653295221665028,0.1804883356297018,-0.22250669278298585,-0.17719613944101464
0.0,0.1,0.8,0.1,0.0,1.335778451288872,0.8553009938936744,0.8553009938936744,0.1716894257260395,0.09328364018921098,-0.1700575591290211,-0.15705438548525064
0.2,0.1,0.7,0.0,0.0,1.2291717836387899,0.8549853292328986,0.8549853292328986,0.15429451760139812,0.09496836215391635,-0.17261861108047716,-0.1796761631924667
0.2,0.4,0.1,0.1,0.2,1.2470317612324437,0.8539915480921819,0.8539915480921819,0.15542182554761275,0.10472815357108867,-0.17126774799847766,-0.23429839601903002
0.0,0.1,0.0,0.7,0.2,0.9369624545621014,0.8516299674183467,0.8516299674183467,0.12985382526019107,0.12421574467275565,-0.19323915774699585,-0.18272666387719472
0.2,0.1,0.3,0.2,0.2,0.9480347131332592,0.8500238577605218,0.8500238577605218,0.12080219014257487,0.1143689745085883,-0.18752237803439087,-0.21603482709987587
0.0,0.2,0.5,0.0,0.3,1.2209996665539808,0.850017303402918,0.850017303402918,0.15356679572319876,0.0915643340641541,-0.19051516492405196,-0.1776703967122848
0.1,0.1,0.6,0.2,0.0,1.1990283484533548,0.8498340890697749,0.8498340890697749,0.14959013025520052,0.09860520692250518,-0.19016296242216824,-0.1781065463886944
0.1,0.2,0.5,0.1,0.1,1.2708548682758802,0.8498316170287857,0.8498316170287857,0.16184524630403208,0.09429354028362336,-0.1948385826320842,-0.1655177543333114
0.1,0.2,0.0,0.6,0.1,1.1236407636490784,0.8497657683912623,0.8497657683912623,0.15790538482232552,0.12107256724451876,-0.1902837324764285,-0.2154300449904588
0.2,0.1,0.2,0.4,0.1,1.0355572138299889,0.8486296258524118,0.8486296258524118,0.14511642440100436,0.12143775863119077,-0.21717886656438712,-0.1843653794913518
0.0,0.6,0.0,0.4,0.0,1.3010674848270463,0.8486044885066187,0.8486044885066187,0.16216490555811203,0.09791003267842391,-0.1896038767960807,-0.214966428514201
0.3,0.1,0.3,0.3,0.0,0.8473005594635862,1.3178075845249861,0.8473005594635862,0.11966424824102262,0.2142819602442141,-0.2166613478868712,-0.16895765850318945
0.3,0.0,0.4,0.3,0.0,0.8459846236297067,1.0598207285080847,0.8459846236297067,0.11866732332217089,0.1633895284957949,-0.2167522019650927,-0.1845099536198247
0.1,0.3,0.1,0.0,0.5,1.4147248050092776,0.8455157237553163,0.8455157237553163,0.17833407969296244,0.09332628236187324,-0.17876170741273345,-0.20714979019269508
0.0,0.7,0.2,0.0,0.1,1.5549911929926519,0.8451954352768707,0.8451954352768707,0.19715798817337848,0.09210708439731308,-0.17675119370630155,-0.19323499048202186
0.0,0.1,0.7,0.1,0.1,1.2895025008048988,0.8449953747929304,0.8449953747929304,0.165856552132281,0.09185346385973547,-0.1793384158240796,-0.164141739106774
0.2,0.2,0.6,0.0,0.0,1.238188152266576,0.8442784083064078,0.8442784083064078,0.15365285398981499,0.09206406245235299,-0.18220034055230416,-0.16680799865946483
0.0,0.3,0.7,0.0,0.0,1.2624746164643401,0.8438119848407887,0.8438119848407887,0.16085500196966263,0.0906441599306631,-0.18364804538220258,-0.18442079402571032
0.3,0.0,0.4,0.1,0.2,0.8434036246793432,1.0843647840492827,0.8434036246793432,0.11968239065156139,0.16477365836730695,-0.2230969758913719,-0.18037168458474673
0.0,0.4,0.2,0.1,0.3,1.4463286835446394,0.8431663472057398,0.8431663472057398,0.1802946989041081,0.0942620397286662,-0.19155685126318,-0.17905778092471225
0.1,0.1,0.3,0.0,0.5,1.211288182368761,0.8431564403693017,0.8431564403693017,0.15084128600040803,0.09145826450848982,-0.1759879821577881,-0.16707733712275075
0.0,0.0,0.1,0.9,0.0,0.863435244800942,0.8422622684536875,0.8422622684536875,0.12177156681655732,0.12073026454978142,-0.2317992852858458,-0.17560190854093982
0.0,0.5,0.1,0.3,0.1,1.2557759877089107,0.8410852175383287,0.8410852175383287,0.1560425499718554,0.09571549310455962,-0.20905829779239127,-0.21128687784281486
0.1,0.0,0.1,0.0,0.8,0.8408222857551286,1.2970338834057598,0.8408222857551286,0.12867364276128224,0.2138507178816218,-0.2482158979517679,-0.16297452447833916
0.2,0.0,0.1,0.6,0.1,1.379599632898645,0.8400762086850404,0.8400762086850404,0.2647587531383173,0.15626465403627088,-0.2635477075715017,-0.21301859432188586
0.2,0.2,0.4,0.1,0.1,1.2219473049820555,0.838634965309716,0.838634965309716,0.15330561317884905,0.09593029389748331,-0.18668514921780555,-0.18969965536569044
0.0,0.2,0.4,0.0,0.4,1.233514362052393,0.8342011737492865,0.8342011737492865,0.15495622692714317,0.08950804820955582,-0.1878845232719234,-0.1812701780603474
0.0,0.3,0.5,0.2,0.0,1.4089353650311822,0.8338842734489601,0.8338842734489601,0.17934538970558123,0.09509102122121016,-0.1895170212867361,-0.1874857857221709
0.0,0.3,0.0,0.1,0.6,1.3685366289809027,0.8327107612871851,0.8327107612871851,0.16890275303960922,0.09452566196104883,-0.18900799469788565,-0.19045407610783838
0.0,0.4,0.3,0.0,0.3,1.2675645016871564,0.8314212588121612,0.8314212588121612,0.15778064223482025,0.08953067691458072,-0.19565604173356965,-0.1732687173086367
0.1,0.4,0.2,0.2,0.1,1.3435273471967628,0.8311963536016341,0.8311963536016341,0.17019784043565633,0.09793464444913691,-0.19221515901709552,-0.1937320510328232
0.3,0.5,0.0,0.1,0.1,1.2466576327639831,0.8310853405217965,0.8310853405217965,0.16595684263984456,0.12284313766708199,-0.17527339360308825,-0.22195121642418347
0.0,0.5,0.1,0.1,0.3,1.384953645036239,0.8307771727565344,0.8307771727565344,0.17272412702444484,0.09320325292060039,-0.20364657924086516,-0.19436092203739153
0.0,0.2,0.7,0.1,0.0,1.3194398551778186,0.8305830133560443,0.8305830133560443,0.16925669263205934,0.08938517884569364,-0.17052645580729087,-0.17600423782006314
0.0,0.3,0.4,0.2,0.1,1.3986422414719923,0.8295094436659998,0.8295094436659998,0.17746281103142114,0.09498174380038193,-0.1910174451744463,-0.18353407505210184
0.1,0.2,0.4,0.0,0.3,1.235391462977447,0.8283411695662306,0.8283411695662306,0.15389079621570811,0.08894264064702284,-0.1917768787909676,-0.16691544761649946
0.3,0.1,0.2,0.4,0.0,1.115056422569622,0.8278336793456482,0.8278336793456482,0.18278382550071726,0.1359040169817034,-0.2179150449507754,-0.24478640007857522
0.0,0.0,0.5,0.2,0.3,1.0409415512380555,0.8277210156360235,0.8277210156360235,0.1269640618061556,0.09532791337698421,-0.19206192051790105,-0.18453529394725787
0.1,0.6,0.0,0.3,0.0,1.369458434505092,0.827302534756186,0.827302534756186,0.17154337729446523,0.09792084656098687,-0.18605368523059096,-0.22032830166597706
0.0,0.2,0.3,0.0,0.5,1.272754293765313,0.8262804567217955,0.8262804567217955,0.16020429787835955,0.08937254794349103,-0.1878845232719234,-0.17687883145105254
0.1,0.4,0.2,0.1,0.2,1.3463837249004658,0.8258196862954972,0.8258196862954972,0.17147084751611996,0.09214623621798679,-0.19445774953255657,-0.18405651075706386
0.3,0.0,0.1,0.4,0.2,1.5411994190235292,0.824484701543893,0.824484701543893,0.33881635368366436,0.17269666953020657,-0.23678684885355883,-0.28219164122362383
0.2,0.0,0.3,0.2,0.3,0.8231463107811133,0.995694663472419,0.8231463107811133,0.11113840379558226,0.14183108959529434,-0.20828975909723912,-0.1879225401457293
0.1,0.1,0.4,0.0,0.4,1.1325896305880003,0.8210004331981522,0.8210004331981522,0.14020795441885991,0.08995316735992498,-0.17821161711590316,-0.1591165875140258
0.2,0.1,0.2,0.3,0.2,0.9557038341792563,0.8199128134838992,0.8199128134838992,0.1320286805364439,0.11590518254913951,-0.21784461606224437,-0.21235491065079093
0.2,0.0,0.4,0.1,0.3,0.9222520706170811,0.8189371328916233,0.8189371328916233,0.11362080003258734,0.09990582869783671,-0.22300583600927892,-0.21691193025693956
0.0,0.3,0.3,0.0,0.4,1.2543291221847033,0.8189250210819293,0.8189250210819293,0.15634294656436576,0.0878639423938834,-0.19189293276974806,-0.17335141524871156
0.0,0.2,0.4,0.3,0.1,1.2757159645026874,0.8176102561799458,0.8176102561799458,0.1594303803598378,0.0955849510235216,-0.21623806080278407,-0.1802146178698103
0.1,0.1,0.5,0.1,0.2,1.2086744026373235,0.8163744878360243,0.8163744878360243,0.15343406183185726,0.09141707592512693,-0.1743729081795864,-0.17849776184965827
0.1,0.6,0.1,0.2,0.0,1.3172200901802251,0.8162694032697554,0.8162694032697554,0.16578731042664985,0.09209158241541582,-0.19660230677216484,-0.19997453552174826
0.0,0.7,0.0,0.1,0.2,1.5320766004905657,0.8159036345613376,0.8159036345613376,0.19214113815442513,0.0907212291040782,-0.21971242546417258,-0.20271127319689364
0.1,0.1,0.1,0.6,0.1,1.0221612821590869,0.8140596598116109,0.8140596598116109,0.14000924982042462,0.11161432984912856,-0.20806176273772536,-0.20592603755744343
0.0,0.6,0.1,0.1,0.2,1.5209229448709936,0.8135442154755212,0.8135442154755212,0.19160992001376576,0.09014378206496088,-0.2153296334138035,-0.1959331965544181
0.3,0.0,0.5,0.2,0.0,0.8130268034627692,0.9001014470676618,0.8130268034627692,0.10675974151466439,0.12296205281549044,-0.21882571349139812,-0.20373368735655994
0.1,0.1,0.0,0.5,0.3,1.1591985352193017,0.8120676605214394,0.8120676605214394,0.18258064361873227,0.1289000893088219,-0.20430545403243472,-0.2097800510810538
0.0,0.0,0.7,0.3,0.0,1.0120897850738917,0.8110284071976597,0.8110284071976597,0.12274131461018323,0.09595223761318716,-0.1920245451954964,-0.18846512952498662
0.1,0.6,0.0,0.2,0.1,1.461115438668456,0.8080688021435118,0.8080688021435118,0.18348479427170483,0.09366210004322095,-0.17078800593173427,-0.2154981802221515
0.0,0.3,0.1,0.2,0.4,1.1810282024785315,0.808028052706671,0.808028052706671,0.14481999874591178,0.09096033761813493,-0.21045355674913513,-0.20596050949399747
0.2,0.1,0.1,0.6,0.0,1.1354886480811068,0.8075222505176413,0.8075222505176413,0.17921615683714998,0.12965757871155503,-0.20272951554060137,-0.2634706225297587
0.1,0.0,0.5,0.0,0.4,1.073179699702927,0.8075211360060841,0.8075211360060841,0.13303867294505745,0.09072703609936372,-0.1954142212423332,-0.17812511981775148
0.2,0.1,0.5,0.0,0.2,1.0666218906591383,0.8073395693121448,0.8073395693121448,0.13203833649449215,0.0884261240987343,-0.18661076432492973,-0.18151007442774725
0.1,0.2,0.0,0.5,0.2,1.1203622416241215,0.8052715947651073,0.8052715947651073,0.15478970801890068,0.11411436915605289,-0.19413555465586496,-0.21287024736792126
0.1,0.1,0.0,0.2,0.6,0.848969988767571,0.8048240253552043,0.8048240253552043,0.12713362348447288,0.13168491729755893,-0.21238411002659174,-0.2606555687347616
0.0,0.4,0.5,0.1,0.0,1.3386123165255952,0.8047231605400653,0.8047231605400653,0.16899064448819456,0.08689043920190431,-0.17229309772848667,-0.1852489732028434
0.1,0.3,0.2,0.1,0.3,1.3680161688035097,0.8046439367207499,0.8046439367207499,0.1729203193375961,0.0931998706100925,-0.17285534901056143,-0.19303956537107592
0.1,0.0,0.5,0.1,0.3,1.012438559858428,0.8044984703021527,0.8044984703021527,0.12494160865985382,0.09060771560510283,-0.20254823730700855,-0.17379451805665203
0.0,0.4,0.4,0.0,0.2,1.1975911269839972,0.80393115840095,0.80393115840095,0.14913066546153853,0.08611105587040746,-0.1958213635128112,-0.17338641768038687
0.0,0.0,0.1,0.8,0.1,0.8907953386467239,0.803095804879831,0.803095804879831,0.12430829676807109,0.1130997136937324,-0.22117370821622317,-0.17127357714941738
0.2,0.2,0.3,0.3,0.0,1.059687410533923,0.8013868433004343,0.8013868433004343,0.1366023716465301,0.10390734916312572,-0.18346208143557152,-0.21146496648989976
0.0,0.1,0.1,0.0,0.8,1.4202312181189085,0.8013529622763371,0.8013529622763371,0.18165321073433827,0.08504900549536076,-0.18670263404300846,-0.17344660212428353
0.0,0.8,0.1,0.1,0.0,1.4498601822252795,0.8006564574501513,0.8006564574501513,0.18285791269375995,0.08877613851561938,-0.219044383398882,-0.20552145675383493
0.2,0.0,0.3,0.3,0.2,0.906715604795798,0.8003237061419451,0.8003237061419451,0.12445631649730093,0.11134499812946141,-0.21764648520527385,-0.1926519434520737
0.1,0.0,0.6,0.0,0.3,1.0995471005317006,0.7981932744109836,0.7981932744109836,0.1371482099563237,0.08682989626605409,-0.17558832709367567,-0.17053770899237386
0.0,0.3,0.2,0.2,0.3,1.2870833844455465,0.7963949877104407,0.7963949877104407,0.16149142574711517,0.0898822620246511,-0.20606437455891857,-0.19701314577504403
0.2,0.0,0.7,0.1,0.0,1.052355902107723,0.7958690004361093,0.7958690004361093,0.13077655157839096,0.09029475461203162,-0.20054782363658052,-0.18612159184848898
0.0,0.6,0.2,0.0,0.2,1.4584498426922134,0.7948419937341632,0.7948419937341632,0.18446717865433948,0.08627832674261238,-0.18752358164640104,-0.20176242460464167
0.2,0.1,0.3,0.4,0.0,0.9366355618652847,0.7942468100465797,0.7942468100465797,0.1228673376078595,0.10406457175906669,-0.232434375482925,-0.21006831079284372
0.3,0.0,0.4,0.2,0.1,0.7941722040187484,1.1122469310171894,0.7941722040187484,0.11182798572159913,0.17133663565992996,-0.22266772675367374,-0.177464980240851
0.2,0.3,0.2,0.1,0.2,1.14046726059821,0.7940418748532493,0.7940418748532493,0.14131155201162637,0.0937544323727526,-0.17180642236211907,-0.22105142230416497
0.0,0.0,0.1,0.6,0.3,0.8611439520023733,0.7936301785660983,0.7936301785660983,0.1160162944562555,0.11141996427639644,-0.21513965854332384,-0.17813306117691718
0.0,0.1,0.5,0.1,0.3,1.1269861816992002,0.793387343300979,0.793387343300979,0.1421033042273565,0.08598271769370891,-0.18597887071854502,-0.1641736140163067
0.0,0.4,0.2,0.3,0.1,1.1669157395384708,0.7926508196136277,0.7926508196136277,0.14380429936857841,0.09041975098766852,-0.22100791048144408,-0.20900421956344262
0.0,0.2,0.0,0.7,0.1,0.9484970382632519,0.7924024929527075,0.7924024929527075,0.1264663657190117,0.11114412827837494,-0.21872107314229638,-0.20056948634801708
0.2,0.4,0.2,0.1,0.1,1.324375280625841,0.7920335746993091,0.7920335746993091,0.1675192663012106,0.0924661165053009,-0.17811752727272812,-0.20876813882924916
0.2,0.2,0.1,0.4,0.1,1.0200252429904786,0.7911619245147054,0.7911619245147054,0.1439448187507082,0.11701311602855036,-0.21734890673709806,-0.21115419491901743
0.1,0.3,0.1,0.5,0.0,0.975545893738316,0.7907569409320128,0.7907569409320128,0.1230041674262683,0.10258353365664075,-0.22072270268289162,-0.2123733002319238
0.1,0.2,0.6,0.1,0.0,1.2946174323402877,0.7906527192817389,0.7906527192817389,0.16548833500896643,0.0871186446432004,-0.17381749700666504,-0.16483477750809772
0.0,0.3,0.3,0.1,0.3,1.3638085464097631,0.7896433965020558,0.7896433965020558,0.16966342466083684,0.08760222205791957,-0.19187114757165746,-0.17570688946894086
0.1,0.5,0.0,0.1,0.3,1.3599085114666372,0.7885764328428178,0.7885764328428178,0.1700745151503127,0.09062801061861059,-0.17117000190998943,-0.23278847945594106
0.0,0.1,0.5,0.0,0.4,1.2533079244121499,0.7885109748194495,0.7885109748194495,0.15730736755217878,0.08387492661164941,-0.1832081408322327,-0.16577894541483784
0.0,0.7,0.0,0.3,0.0,1.4624211725165555,0.7884234368354577,0.7884234368354577,0.18564606276720008,0.08825917733653643,-0.18590552448495923,-0.20648931215719502
0.0,0.1,0.4,0.0,0.5,1.2171045867839902,0.7874873157120225,0.7874873157120225,0.15265129409187206,0.08388013956089413,-0.18365609658129534,-0.1657776103788412
0.1,0.0,0.2,0.1,0.6,0.8166471353472496,0.7862553729892059,0.7862553729892059,0.10187757627263672,0.10242609527020718,-0.22001996523878997,-0.19683151235848706
0.1,0.6,0.0,0.0,0.3,1.4214693170730468,0.7841071902491491,0.7841071902491491,0.17517733003652625,0.08767310422650665,-0.20410140923345255,-0.20804895180084226
0.0,0.2,0.3,0.2,0.3,1.3251607429514205,0.7839713311813226,0.7839713311813226,0.16543045320132288,0.08952612370104784,-0.2023034939086924,-0.18902054942396307
0.1,0.0,0.7,0.2,0.0,1.1442174391558917,0.783499250719363,0.783499250719363,0.1432335938788778,0.09004160989329213,-0.18623007947770065,-0.17424592156876262
0.1,0.4,0.0,0.0,0.5,1.3556321613261473,0.7826630062504678,0.7826630062504678,0.16983653973711865,0.08933600077239667,-0.19254221979752717,-0.21492522900676558
0.0,0.3,0.3,0.2,0.2,1.3325238527265402,0.780921343770263,0.780921343770263,0.16671061086401262,0.08894674894212318,-0.19025159940183745,-0.18397453828646815
0.0,0.4,0.0,0.1,0.5,1.3556558624419202,0.7792245466389526,0.7792245466389526,0.1682848652387725,0.08642113140754981,-0.18424989364171485,-0.19158293246953773
0.0,0.1,0.5,0.4,0.0,1.3423420705709603,0.7761500953276315,0.7761500953276315,0.16838906115758112,0.09326654975724713,-0.19273173183808434,-0.18363410692892201
0.0,0.0,0.0,0.1,0.9,0.7748299384668836,0.984969752702476,0.7748299384668836,0.10939082286696178,0.16575866306003384,-0.22227330677965973,-0.13885181322389029
0.0,0.5,0.0,0.3,0.2,1.269932947171841,0.7747191854116489,0.7747191854116489,0.1559798355715758,0.08773772705456517,-0.1946960419581777,-0.21995024210206882
0.1,0.5,0.0,0.0,0.4,1.373608947859499,0.7735251964729889,0.7735251964729889,0.17129644565665592,0.08689752549055041,-0.193154397094761,-0.2095485573446232
0.1,0.1,0.5,0.3,0.0,1.1917584825770875,0.7732925824845581,0.7732925824845581,0.14881571036761576,0.09286930905118829,-0.21327850256983316,-0.18580183352325153
0.1,0.1,0.5,0.2,0.1,1.211919462321045,0.7730744063952597,0.7730744063952597,0.15246969084243567,0.0877360766768045,-0.1966577157678684,-0.1802142192186592
0.0,0.1,0.6,0.2,0.1,1.1445730302571666,0.7707878485904716,0.7707878485904716,0.14219964659393414,0.08791548502254654,-0.1814917567936838,-0.18137772073558744
0.1,0.0,0.8,0.0,0.1,1.19876235724861,0.7707510021168549,0.7707510021168549,0.15134324976774494,0.08328528854322492,-0.18496000761421616,-0.17907275179001814
0.0,0.2,0.0,0.8,0.0,0.9734066024160524,0.7700228597424891,0.7700228597424891,0.13290510950015522,0.10763007999222118,-0.22499329361150833,-0.20193963242146484
0.1,0.3,0.1,0.4,0.1,1.092191173448821,0.7695103402366341,0.7695103402366341,0.13519955176169218,0.09660806360810437,-0.19702906721705005,-0.20854659447174206
0.0,0.0,0.7,0.2,0.1,1.1509942422893555,0.7691941553411291,0.7691941553411291,0.1446025270234963,0.08671869727308268,-0.17432523200024386,-0.17843476231891742
0.1,0.1,0.7,0.0,0.1,1.189791669790363,0.7690199790382986,0.7690199790382986,0.14913146193584081,0.08314638475938274,-0.1783016172275439,-0.18004139043561573
0.0,0.1,0.5,0.2,0.2,1.1899244198715155,0.7685329841420224,0.7685329841420224,0.14865639217947102,0.08716354512427182,-0.1874509389383815,-0.19045633693667796
0.2,0.0,0.5,0.1,0.2,0.9943397638935086,0.7683578162795012,0.7683578162795012,0.12328224212782235,0.08627906353832171,-0.2056699329041649,-0.19935273248705687
0.0,0.1,0.8,0.0,0.1,1.2867625667175904,0.7678515190334043,0.7678515190334043,0.16246781473241056,0.08133178469739888,-0.17774620310364608,-0.16555479444988064
0.0,0.1,0.9,0.0,0.0,1.2974354657546523,0.7672957556032183,0.7672957556032183,0.16348796696941426,0.08120777872226914,-0.17757106572693593,-0.165724907426141
0.2,0.4,0.2,0.2,0.0,1.2888988138518307,0.7653105358319532,0.7653105358319532,0.15997199922670702,0.09043975926682624,-0.1756542882213008,-0.23602704401520713
0.0,0.0,0.5,0.1,0.4,1.1609805529408548,0.7639651509491941,0.7639651509491941,0.14654350852106246,0.0841807950944804,-0.1949275912485805,-0.1594011278839036
0.0,0.2,0.5,0.3,0.0,1.2864117928987933,0.7638926171285063,0.7638926171285063,0.16181609234678773,0.08838573290105467,-0.20017960910409105,-0.1861057197174799
0.2,0.1,0.1,0.5,0.1,1.290402834910696,0.7637658570527356,0.7637658570527356,0.20504116711189257,0.12167184175776335,-0.19215645713339669,-0.24706084475696144
0.0,0.5,0.0,0.1,0.4,1.422100549082375,0.7636460493324817,0.7636460493324817,0.1762429903833791,0.08484760141331082,-0.1955970666796507,-0.1987769339766613
0.0,0.4,0.1,0.1,0.4,1.3977789498911009,0.7636154051678431,0.7636154051678431,0.17358051033448652,0.0845676332310843,-0.189105316064612,-0.19874637071427348
0.2,0.3,0.3,0.2,0.0,1.319513462362451,0.7624688929444144,0.7624688929444144,0.16433343880726592,0.0910033985387253,-0.17925204486841795,-0.22973686949103667
0.1,0.0,0.6,0.2,0.1,1.0354460070722638,0.7604918663215133,0.7604918663215133,0.12747757592960673,0.08637891004462617,-0.21177616278951972,-0.169057361212279
0.1,0.0,0.2,0.7,0.0,1.047365218067401,0.7600914209723322,0.7600914209723322,0.14503680446755474,0.10461074451887042,-0.20720496504607733,-0.20695358232057648
0.0,0.0,0.2,0.8,0.0,0.8519821978816033,0.7587452648603065,0.7587452648603065,0.11116372178586231,0.1018171273052979,-0.19772641778098354,-0.1978731866874427
0.2,0.1,0.4,0.0,0.3,1.1301196395504751,0.758186792324299,0.758186792324299,0.14229357405722087,0.08297780628383733,-0.18499506735398663,-0.18648994660175244
0.0,0.1,0.7,0.0,0.2,1.2524514498301298,0.7581797728991398,0.7581797728991398,0.15738509044481952,0.08017217435843937,-0.18352819618407634,-0.16555479444988064
0.0,0.0,0.8,0.2,0.0,1.1418040291119704,0.7580694215839537,0.7580694215839537,0.14518749988482393,0.08500571698673687,-0.19321053374441666,-0.18204718077618176
0.1,0.2,0.1,0.4,0.2,0.9546251069692617,0.7569828444082234,0.7569828444082234,0.12019233659991269,0.09828642662026366,-0.20290325726143366,-0.1956155487076806
0.1,0.2,0.0,0.4,0.3,1.1315720547621888,0.756969764241002,0.756969764241002,0.1530998381037576,0.10339956344341439,-0.19097431687835065,-0.19677503948136288
0.0,0.0,0.1,0.7,0.2,0.8682047685522827,0.7568718870900152,0.7568718870900152,0.11814092217566174,0.10613069184796653,-0.2264686389031455,-0.1746588459518733
0.1,0.5,0.0,0.3,0.1,1.303788598154637,0.7560100530944017,0.7560100530944017,0.16363801535581213,0.08998289642583313,-0.170699644070456,-0.2168351129312447
0.0,0.4,0.2,0.4,0.0,1.292985257428281,0.7553821440044863,0.7553821440044863,0.1600618675931751,0.08617925506520607,-0.19953328904460121,-0.19978004916930936
0.1,0.0,0.0,0.6,0.3,1.664794515338096,0.7548185011999134,0.7548185011999134,0.37156792267046335,0.15448429245358608,-0.23237816582613857,-0.2071722071695823
0.1,0.2,0.4,0.2,0.1,1.3047030560830106,0.7545677989547928,0.7545677989547928,0.16640018270182066,0.08557715344883943,-0.1932773225255281,-0.18023929909843017
0.0,0.1,0.0,0.5,0.4,0.7742983301909427,0.754326559278409,0.754326559278409,0.10071807255220011,0.106956994409239,-0.20676382107116908,-0.19528307379823107
0.1,0.3,0.1,0.1,0.4,1.2802904417772705,0.7542078305237016,0.7542078305237016,0.15952262326237987,0.08778747891021266,-0.1949776220591839,-0.21245124603578724
0.1,0.0,0.2,0.3,0.4,0.8894498701925986,0.7529804455511275,0.7529804455511275,0.11615516401203974,0.09923625492808164,-0.19669726795746212,-0.191271199047645
0.1,0.4,0.1,0.1,0.3,1.3307812810203412,0.7523539010766352,0.7523539010766352,0.16677740848746847,0.08597976384493533,-0.19407493568635403,-0.22355440146147643
0.2,0.1,0.2,0.1,0.4,0.7516497879547245,1.1372405209241139,0.7516497879547245,0.09728121968261094,0.1682967031879281,-0.22230617406132458,-0.17442549103902194
0.1,0.3,0.3,0.3,0.0,1.2255313242896706,0.751617865459746,0.751617865459746,0.15149808966373945,0.08928527412721254,-0.20128913298858697,-0.20513692072810175
0.0,0.4,0.0,0.2,0.4,1.2752785561934576,0.7496130014362803,0.7496130014362803,0.15786297770532154,0.08246527163307804,-0.18121350742681097,-0.1998092072943788
0.2,0.1,0.4,0.1,0.2,0.9581090277598889,0.7486745750839053,0.7486745750839053,0.11718268420319666,0.08473432425101546,-0.20663392324672814,-0.1949353870564361
0.0,0.2,0.6,0.2,0.0,1.1432579310268902,0.7484982158184138,0.7484982158184138,0.1443527967792393,0.08430562178131806,-0.17922523922473355,-0.17640379738740053
0.1,0.3,0.0,0.1,0.5,1.3388927253642102,0.748285139399085,0.748285139399085,0.16625780093561948,0.08798233154838009,-0.17260973128989865,-0.2451267908182947
0.1,0.5,0.0,0.2,0.2,1.3205575141419932,0.7481498904003839,0.7481498904003839,0.16466178444078006,0.08752376839648868,-0.17347639951078508,-0.21807066271006603
0.0,0.1,0.6,0.0,0.3,1.251679770393749,0.7473707381561546,0.7473707381561546,0.1571904580605501,0.07895441690586602,-0.1832081408322327,-0.16483878539268781
0.2,0.1,0.3,0.1,0.3,0.9860058119894712,0.7471033100010144,0.7471033100010144,0.12223248405024689,0.09328976778274178,-0.21261811470960068,-0.20510971379476328
0.0,0.0,0.2,0.1,0.7,0.9708084254889797,0.7465276710654074,0.7465276710654074,0.11832218645854597,0.08941778392467858,-0.2187681732933593,-0.19657109296023578
0.0,0.2,0.4,0.2,0.2,1.3385976142718026,0.7464625762739654,0.7464625762739654,0.1687392953385478,0.0852112162788734,-0.18333812643611036,-0.19055472966436704
0.0,0.1,0.5,0.3,0.1,1.2003200859046994,0.7459881994660019,0.7459881994660019,0.14872419259347036,0.08651202944831926,-0.22334068409345664,-0.18694618009539787
0.0,0.1,0.1,0.8,0.0,0.9246952329932973,0.7449988568479108,0.7449988568479108,0.12450536888750796,0.10259357020148108,-0.22424519553823086,-0.19962048684644973
0.1,0.4,0.1,0.3,0.1,1.3056673872645095,0.744685636390925,0.744685636390925,0.16473786819889824,0.08880774049299522,-0.1722759409564878,-0.21652731309812856
0.1,0.7,0.0,0.2,0.0,1.4703748777327652,0.7416954087148866,0.7416954087148866,0.18614849848791915,0.08365676919428267,-0.18115840074737832,-0.21522179885765813
0.1,0.1,0.4,0.3,0.1,1.1544920277937372,0.7393545209552665,0.7393545209552665,0.14316940887130758,0.0918094562722167,-0.19928247601133797,-0.19002836967074344
0.2,0.0,0.4,0.3,0.1,0.7378932331681799,0.834725889635674,0.7378932331681799,0.09307344114390115,0.11170572502965759,-0.21539778033428958,-0.21155750918175564
0.0,0.2,0.4,0.4,0.0,1.3042771858234097,0.7369920312182654,0.7369920312182654,0.16443129422133573,0.0861009373545174,-0.20254719502075025,-0.19982782595446202
0.0,0.1,0.0,0.1,0.8,0.9626965626139347,0.7328288303105304,0.7328288303105304,0.11763916360297744,0.0895299902202531,-0.24508775679689543,-0.21533574601495564
0.1,0.0,0.0,0.7,0.2,1.7336920325499896,0.7316294397332973,0.7316294397332973,0.4034504581329583,0.1481595325407028,-0.24508282135202397,-0.18519590024990107
0.0,0.5,0.0,0.4,0.1,1.2116139310931362,0.7301625270762504,0.7301625270762504,0.15187372858782155,0.09025726270824674,-0.20185464243607087,-0.207686799919234
0.1,0.1,0.0,0.3,0.5,1.1260815823588097,0.7300159269511178,0.7300159269511178,0.17444019168358804,0.11404629717971981,-0.1918840269943617,-0.23468090306280953
0.0,0.2,0.3,0.3,0.2,1.2839915869066427,0.7270710308168882,0.7270710308168882,0.15926109489851514,0.08252726558802825,-0.20649935775291928,-0.19767820618534937
0.2,0.1,0.1,0.3,0.3,1.0806231565356534,0.7267750998518354,0.7267750998518354,0.1680227115551216,0.11579863414507718,-0.20178212693010222,-0.27604601297861975
0.1,0.1,0.8,0.0,0.0,1.2667337505143974,0.7254840214731253,0.7254840214731253,0.15991309502162365,0.07779613773393512,-0.1685543148348575,-0.18024857628116409
0.1,0.0,0.9,0.0,0.0,1.2647034366834988,0.7250057225719237,0.7250057225719237,0.16087631672387848,0.07771426621531519,-0.16667349721241131,-0.17911983806700893
0.1,0.1,0.4,0.2,0.2,1.1682515099355695,0.7237918821162663,0.7237918821162663,0.1454434274463825,0.08243074695781871,-0.201472434531209,-0.1807336585592071
0.1,0.0,0.7,0.0,0.2,1.0847059366853795,0.7237250501982119,0.7237250501982119,0.13444613961316354,0.07796710006209695,-0.18552742472650974,-0.1823750270792185
0.2,0.0,0.3,0.1,0.4,0.7222440131299052,0.9079385079893464,0.7222440131299052,0.09411144902503676,0.12347188731393266,-0.22289960566779232,-0.1871308520295606
0.1,0.2,0.0,0.2,0.5,1.1715479500181905,0.7217414849263786,0.7217414849263786,0.1500432122396913,0.0958469611502748,-0.1852511069208993,-0.20498715507494747
0.1,0.2,0.5,0.2,0.0,1.3305499789818633,0.7208407648630506,0.7208407648630506,0.17011624771095812,0.0814133319414192,-0.1974471505261295,-0.18244979177084863
0.1,0.3,0.2,0.3,0.1,1.1571242751275708,0.7206062877269979,0.7206062877269979,0.1409362103256786,0.08714967120443529,-0.19815445593708558,-0.21019413725741676
0.0,0.3,0.1,0.1,0.5,1.3844994138265174,0.7198997872146828,0.7198997872146828,0.17187850061275434,0.07949255247941123,-0.20370935792336986,-0.18523484227530862
0.1,0.0,0.3,0.4,0.2,0.7767346383221552,0.7172016840603186,0.7172016840603186,0.09643978033630263,0.09171486079873392,-0.2051263737653185,-0.2002819323556918
0.0,0.5,0.2,0.0,0.3,1.5154306764058325,0.7165544498530991,0.7165544498530991,0.1927430466005864,0.07629586436149882,-0.1875285901575573,-0.189340607320868
0.0,0.3,0.0,0.7,0.0,1.0223919441085185,0.7110295157887768,0.7110295157887768,0.1347126247109829,0.09239234181534206,-0.24995593659996818,-0.20150674617276054
0.0,0.2,0.0,0.1,0.7,1.3423184179996295,0.7072503291761719,0.7072503291761719,0.16837697042523025,0.07720953813709475,-0.17877270582749472,-0.19976061125995936
0.0,0.1,0.4,0.4,0.1,1.286189062242984,0.7071438622174895,0.7071438622174895,0.16366749323784213,0.0836410077540175,-0.21693988948625686,-0.19142915528659632
0.0,0.4,0.1,0.3,0.2,1.1825521527648473,0.7052320274906079,0.7052320274906079,0.14458802553894512,0.07864599272989525,-0.2130274676467725,-0.21251600612064014
0.0,0.3,0.2,0.4,0.1,1.1970793858862625,0.7042552973736445,0.7042552973736445,0.14815871727060181,0.0820250123113555,-0.2044745662594819,-0.206357485759046
0.2,0.2,0.1,0.5,0.0,1.0307370008868366,0.7041066924290844,0.7041066924290844,0.14733499319539112,0.10188817914849424,-0.21691190040967567,-0.20496050431219415
0.2,0.3,0.3,0.1,0.1,1.3322621218211868,0.7026408467389575,0.7026408467389575,0.17019919690929086,0.08191437433533988,-0.1776961778426014,-0.21060285486256358
0.0,0.1,0.6,0.1,0.2,1.1786486740950681,0.7010792340503458,0.7010792340503458,0.1497878651023814,0.0747606984272835,-0.18653451336259352,-0.1639127650431076
0.0,0.2,0.2,0.2,0.4,1.2093133042064006,0.6994056361862924,0.6994056361862924,0.14836070736906826,0.07814030909948189,-0.21954889203851757,-0.1998117357561553
0.2,0.2,0.3,0.1,0.2,1.085581827225778,0.6975353211342098,0.6975353211342098,0.13388831688298053,0.08144708040907345,-0.1946826622537713,-0.21687154590652524
0.0,0.1,0.3,0.3,0.3,1.2458181551847785,0.6972899139856331,0.6972899139856331,0.15597531817381816,0.08129910006475494,-0.22269846381755787,-0.1867200421052745
0.0,0.0,0.2,0.6,0.2,0.8613608384502741,0.6972409634003943,0.6972409634003943,0.11079772327570625,0.09106500762086389,-0.21281960466026695,-0.19522747463017187
0.0,0.1,0.2,0.1,0.6,1.2422724888179268,0.6970088229311459,0.6970088229311459,0.15399122199782167,0.07840160706552579,-0.17599192560148313,-0.19066123983163474
0.1,0.0,0.6,0.1,0.2,1.1566498518876505,0.6964692430048216,0.6964692430048216,0.14504568770937998,0.07674202516117057,-0.1888973424608812,-0.17476210229998845
0.2,0.0,0.5,0.0,0.3,1.1432480763186232,0.6943420078311565,0.6943420078311565,0.14424771633034417,0.07656910229912017,-0.19238184092778998,-0.1802195007446048
0.0,0.0,0.6,0.1,0.3,1.1701946701287913,0.69413730384487,0.69413730384487,0.15197441060060446,0.07520615895665506,-0.22347061897271303,-0.16065502344510596
0.0,0.3,0.2,0.3,0.2,1.2355871334396524,0.6937454998866017,0.6937454998866017,0.1537940321391884,0.07816980032951948,-0.20583414153876434,-0.20154935956009334
0.0,0.0,1.0,0.0,0.0,1.2806137700500935,0.693074350471317,0.693074350471317,0.1616992504595507,0.07366616538093407,-0.17790997422189037,-0.17043331357753044
0.0,0.0,0.9,0.0,0.1,1.2780832329361607,0.693074350471317,0.693074350471317,0.16143539286167674,0.07366616538093407,-0.17795370533874932,-0.17043331357753044
0.0,0.0,0.8,0.0,0.2,1.2423500233241371,0.693074350471317,0.693074350471317,0.1559588028976675,0.07366616538093407,-0.18038498778606404,-0.17043331357753044
0.0,0.0,0.1,0.3,0.6,0.7475607717990478,0.6906882037720378,0.6906882037720378,0.09348908026874181,0.08934500082793706,-0.20012435955769647,-0.20223857039918303
0.2,0.2,0.0,0.4,0.2,1.1990984424986697,0.6868754895839009,0.6868754895839009,0.1884997029663522,0.11054391791361473,-0.2152832407557047,-0.2604831243530513
0.2,0.0,0.4,0.2,0.2,0.9208719383241019,0.6861143840673822,0.6861143840673822,0.11690371929339305,0.08800971454846174,-0.19514409981535064,-0.19689500970610008
0.1,0.4,0.0,0.2,0.3,1.2694957771697697,0.6854698802318053,0.6854698802318053,0.1575769786398813,0.08001704309037483,-0.1905574069735393,-0.2237578408687937
0.0,0.4,0.0,0.3,0.3,1.1893613788314936,0.6838551433435217,0.6838551433435217,0.1467724384892588,0.07930369855771358,-0.20465568994148708,-0.2085159814756462
0.2,0.0,0.5,0.2,0.1,0.9397077089648358,0.6834085242801252,0.6834085242801252,0.11732724566226915,0.08436406525695817,-0.20551054547522718,-0.2013181060605307
0.2,0.2,0.4,0.2,0.0,1.1345230513528661,0.682496888501496,0.682496888501496,0.1397483913675639,0.0823173615610786,-0.19209572362319127,-0.20692653442513131
0.0,0.2,0.2,0.4,0.2,1.1364834731721185,0.6806388946408947,0.6806388946408947,0.14213490744499846,0.08104451483064623,-0.20733752942034367,-0.18839316315247367
0.0,0.0,0.1,0.5,0.4,0.7967380307794241,0.6797877129367499,0.6797877129367499,0.1047103605578974,0.09238168441011574,-0.21969091289717635,-0.18550242997709177
0.0,0.3,0.0,0.2,0.5,1.2587713201533426,0.6789214549750386,0.6789214549750386,0.1547943989839018,0.07553989440299702,-0.1838780873305651,-0.21493496614869767
0.1,0.0,0.0,0.8,0.1,1.8086920831073772,0.6787190653157552,0.6787190653157552,0.43267808044986067,0.13477560831595747,-0.2793640609347512,-0.1956499076876933
0.1,0.1,0.2,0.4,0.2,0.8081659532692278,0.6770494934317429,0.6770494934317429,0.10156776116666721,0.08728638617081175,-0.21636526319538385,-0.2137288408236493
0.3,0.0,0.6,0.1,0.0,1.0147055975727863,0.6764232970165976,0.6764232970165976,0.12778560326798982,0.07814959451924763,-0.20084344110991015,-0.2131004947970888
0.1,0.2,0.1,0.5,0.1,1.0148490650943722,0.676354641704643,0.676354641704643,0.13371005299262717,0.08675689392172159,-0.20128840679054438,-0.21647788565847037
0.0,0.2,0.3,0.5,0.0,1.1603044055396576,0.6763350086334299,0.6763350086334299,0.14556167998341096,0.08067102477126475,-0.20730753410662572,-0.1887388550481378
0.1,0.4,0.1,0.2,0.2,1.249070377772552,0.6743998558756022,0.6743998558756022,0.15361966457354903,0.07767558943748942,-0.18722262340711138,-0.21342431436909615
0.2,0.0,0.4,0.4,0.0,0.8003073630976911,0.6698377464743379,0.6698377464743379,0.10343092217322858,0.08687558339934487,-0.2192122738868133,-0.21229150340376202
0.1,0.1,0.2,0.6,0.0,1.0887662199680945,0.6688161975221084,0.6688161975221084,0.14406652069121706,0.08741030454129861,-0.20726531280092375,-0.22055277002468943
0.0,0.0,0.5,0.4,0.1,1.1625380137202714,0.6687162478779308,0.6687162478779308,0.14525636436530331,0.07979803326524082,-0.2124725811238274,-0.17433279105111965
0.1,0.0,0.5,0.2,0.2,1.0076193450000397,0.6619985230166493,0.6619985230166493,0.1233093568834569,0.07611363693893591,-0.20607099699183717,-0.17346730665274146
0.0,0.2,0.0,0.6,0.2,0.9329919292187652,0.6589049325211421,0.6589049325211421,0.1219562891400785,0.08802997784283417,-0.2431737313355241,-0.19214538838618755
0.1,0.0,0.3,0.5,0.1,0.9174700988596038,0.6587899678624781,0.6587899678624781,0.11812560684477136,0.08439435219268332,-0.1970067456392932,-0.21608621407101958
0.1,0.3,0.1,0.3,0.2,1.273722382476164,0.6567970866646832,0.6567970866646832,0.15896475041406744,0.07996095291238792,-0.1713228317571729,-0.20989923139571454
0.0,0.0,0.6,0.2,0.2,0.9868932436233269,0.656630296836805,0.656630296836805,0.12166077098741224,0.0732553562683127,-0.1806138344836108,-0.189321953913953
0.0,0.1,0.4,0.2,0.3,1.221887570702341,0.6545889592110687,0.6545889592110687,0.15190317176136725,0.07298229653045052,-0.1901328972282419,-0.19059855932948677
0.0,0.3,0.0,0.5,0.2,1.0059939139276914,0.6537405366238322,0.6537405366238322,0.13067552075206934,0.08173068795856175,-0.24956876493461466,-0.20504152296645295
0.0,0.1,0.2,0.6,0.1,0.8170016729674529,0.6529569356635062,0.6529569356635062,0.10318843501442387,0.0816659560606916,-0.2222517960182433,-0.21325426977053452
0.0,0.3,0.2,0.5,0.0,1.2339342381038862,0.6526912828352059,0.6526912828352059,0.15595026374655907,0.07710757930830048,-0.20466691382319868,-0.21124825369882783
0.0,0.0,0.4,0.6,0.0,0.8197890297872883,0.6513702489699157,0.6513702489699157,0.10111933532114459,0.07735312025337127,-0.22579703188101907,-0.1999841280054946
0.0,0.0,0.2,0.0,0.8,0.9425963223650132,0.6508997961598706,0.6508997961598706,0.118453521857802,0.06904437278079345,-0.2036531469682462,-0.17051000107672187
0.0,0.1,0.3,0.1,0.5,1.178195539154002,0.6500695063904313,0.6500695063904313,0.1464131294760873,0.07202134780230862,-0.1740032719110416,-0.17655082616368434
0.1,0.2,0.1,0.6,0.0,1.0884927090023608,0.6498987111773209,0.6498987111773209,0.1443562590311993,0.08448985409826881,-0.19340449762496537,-0.228924880469203
0.1,0.1,0.2,0.1,0.5,1.1563406075064935,0.6480341799463029,0.6480341799463029,0.14241912478847008,0.07760653051496957,-0.18098756247276593,-0.20686942904672345
0.1,0.0,0.2,0.6,0.1,0.9699551497916186,0.647339509864177,0.647339509864177,0.13407964738534273,0.08527278436240504,-0.2027245140980063,-0.19787864821418932
0.0,0.1,0.0,0.4,0.5,0.8326541237867888,0.646586543842796,0.646586543842796,0.10979811102512627,0.08852024979466755,-0.2166381037311239,-0.20194567329657775
0.0,0.2,0.3,0.4,0.1,1.222875639023541,0.646332983864609,0.646332983864609,0.15313065873262444,0.07441564638337583,-0.20248330817166327,-0.18875883686984074
0.0,0.2,0.4,0.1,0.3,1.2756676591166325,0.6460404592411182,0.6460404592411182,0.1610766383604363,0.06821299263042047,-0.17905102645570747,-0.16788656908991217
0.0,0.2,0.1,0.7,0.0,0.8630732752938274,0.6451044735001019,0.6451044735001019,0.1108333197278557,0.0843932332784616,-0.24730738235315708,-0.21799915186616148
0.0,0.3,0.0,0.6,0.1,0.9228780902477973,0.6449456582827731,0.6449456582827731,0.11834151380642566,0.08167866937565949,-0.23101755021215997,-0.2161839844685095
0.0,0.0,0.1,0.4,0.5,0.8939158095953017,0.6444538788419147,0.6444538788419147,0.11596889750361483,0.08398729339168409,-0.17009878447889304,-0.19785639948039213
0.1,0.4,0.0,0.1,0.4,1.3417875575864984,0.6421452495658384,0.6421452495658384,0.16658675181916127,0.07276054507119034,-0.17010873684747851,-0.23502756314799256
0.2,0.1,0.1,0.4,0.2,1.1008963735827777,0.6382218688715285,0.6382218688715285,0.17102760427287178,0.09879530544502924,-0.1922454059032621,-0.2705948631518732
0.0,0.1,0.0,0.6,0.3,0.8288007880122812,0.6374370469246969,0.6374370469246969,0.1109478033028859,0.08773584453031069,-0.216443939639949,-0.18734301447381296
0.0,0.2,0.0,0.3,0.5,0.9049756913071734,0.6372844337440964,0.6372844337440964,0.11235205412575633,0.07842893175146792,-0.24784717526351896,-0.21321084908087407
0.2,0.0,0.5,0.3,0.0,0.904494718346213,0.6368558917375383,0.6368558917375383,0.11320450067841614,0.08021389161123249,-0.20315659465826708,-0.20069714835039998
0.1,0.4,0.2,0.3,0.0,1.2736283362012988,0.6302663225015089,0.6302663225015089,0.1574688846532979,0.07293423319581183,-0.20198423151179656,-0.21349203056206734
0.0,0.0,0.4,0.2,0.4,1.0711942283135005,0.6293230513862014,0.6293230513862014,0.1313606835843497,0.07255867878449807,-0.20507392468654595,-0.19644640130800073
0.0,0.0,0.2,0.7,0.1,0.8946484533657709,0.6290711472839137,0.6290711472839137,0.11755048094922027,0.08147262270506439,-0.19805490836021544,-0.19526989746776935
0.2,0.0,0.6,0.2,0.0,1.0717224604482773,0.6284267137523394,0.6284267137523394,0.1321540043263465,0.0733232387839089,-0.1932601308208719,-0.19899573315198127
0.0,0.3,0.1,0.4,0.2,1.1794103527427269,0.6275806546766113,0.6275806546766113,0.14944547952580733,0.07429661144560407,-0.2311206774989124,-0.21222335306113227
0.1,0.2,0.4,0.3,0.0,1.2020863397027568,0.6274792225424843,0.6274792225424843,0.14830354665879786,0.07254521271915926,-0.2037673337683812,-0.1850209568099005
0.0,0.1,0.1,0.1,0.7,1.2548919640251524,0.6263084334470141,0.6263084334470141,0.15418815073114112,0.07002377407531113,-0.21480111534245738,-0.19986123871620154
0.0,0.1,0.3,0.5,0.1,0.9205519390901644,0.6257054350274699,0.6257054350274699,0.11367366890963382,0.07407989416016592,-0.23192739683891517,-0.20717032725658335
0.0,0.1,0.4,0.3,0.2,1.2637988988647688,0.6255741326728619,0.6255741326728619,0.1569913765309261,0.07073069962934198,-0.21763069533511303,-0.1840809423920876
0.0,0.0,0.6,0.3,0.1,1.0823742061149262,0.6253337903004822,0.6253337903004822,0.13336761488078142,0.07238559235707198,-0.2056840398573816,-0.1964508778145948
0.0,0.5,0.0,0.5,0.0,1.1467031257055555,0.6250344185098555,0.6250344185098555,0.14338038039740142,0.07706234200744122,-0.22885934842913058,-0.2116361182458577
0.1,0.2,0.2,0.5,0.0,0.8983418423567004,0.6242723356191697,0.6242723356191697,0.11113140970402169,0.07724220869940623,-0.21130549131274112,-0.2029661985993909
0.0,0.1,0.2,0.2,0.5,1.2020914526904087,0.6234792199529766,0.6234792199529766,0.14842792477877076,0.07049966188052026,-0.21401963759941467,-0.19989513515616142
0.0,0.1,0.3,0.2,0.4,1.2225293506064752,0.6222824766769465,0.6222824766769465,0.1499072115978568,0.06963280985765374,-0.21756444235981087,-0.18344123323196537
0.0,0.3,0.1,0.5,0.1,0.8923234043123698,0.6209007196904044,0.6209007196904044,0.10982410498604644,0.07565483844438625,-0.27058206698078424,-0.21395662585984176
0.0,0.4,0.0,0.5,0.1,0.9947442587624041,0.6199439930329321,0.6199439930329321,0.12408596198752164,0.07511009190796569,-0.259567459759126,-0.21321376814883863
0.2,0.0,0.3,0.4,0.1,0.8509169197028555,0.6194661550062573,0.6194661550062573,0.11600126277728284,0.08185198077243316,-0.21742094107213172,-0.19062378970674232
0.0,0.3,0.3,0.4,0.0,1.3870922170038305,0.6184288645853194,0.6184288645853194,0.17552399514368466,0.06933960547339302,-0.19278065093442376,-0.19746084189504653
0.1,0.0,0.3,0.1,0.5,1.068608506642357,0.6163027904638242,0.6163027904638242,0.13168709581702998,0.07411258692928024,-0.19335450205156968,-0.19914404574208078
0.0,0.2,0.1,0.3,0.4,1.210377559333671,0.6160269098672841,0.6160269098672841,0.15265847457202697,0.07214342806113505,-0.20455966135397263,-0.21139276401258233
0.0,0.1,0.4,0.5,0.0,1.092623659810797,0.6144701673117534,0.6144701673117534,0.13441038355418344,0.07154007972116116,-0.20142043652723207,-0.20378451743100912
0.1,0.1,0.1,0.4,0.3,1.1045547163582414,0.6135046407518212,0.6135046407518212,0.14861518816217623,0.08076992847856723,-0.20227741661949605,-0.19117326341891816
0.0,0.2,0.1,0.2,0.5,1.2595644892135316,0.6121806644329232,0.6121806644329232,0.15700959406688164,0.06695275000561507,-0.2043583996621302,-0.19976204909426232
0.0,0.1,0.7,0.2,0.0,1.1232254293862214,0.6106910957464271,0.6106910957464271,0.1412165304271824,0.06676563634850807,-0.17689449692715375,-0.1835228805956578
0.0,0.1,0.1,0.4,0.4,0.793701126802918,0.6101844772009015,0.6101844772009015,0.09815797701097151,0.07496967410325439,-0.22958718081833707,-0.21546760872234372
0.0,0.0,0.3,0.5,0.2,0.7903690812570511,0.608441601089794,0.608441601089794,0.09676414207802453,0.07188343205851622,-0.21880776463728813,-0.19987286114671132
0.0,0.0,0.5,0.0,0.5,1.0914947760112519,0.6059499196613888,0.6059499196613888,0.13507663344559573,0.0636539214345988,-0.17827868005717173,-0.16982999602870874
0.0,0.1,0.4,0.1,0.4,1.123059991210537,0.6037700857069125,0.6037700857069125,0.14168362051892736,0.06530012726817591,-0.18983667139713079,-0.16185541940568982
0.0,0.1,0.1,0.2,0.6,1.0327309548890007,0.6031241669062006,0.6031241669062006,0.12633525378073096,0.06984765224195,-0.23016302909258501,-0.18847020294549155
0.1,0.2,0.1,0.1,0.5,1.2753440454554783,0.5994521209481135,0.5994521209481135,0.15812512223264963,0.06740756832263783,-0.1714234791172905,-0.23607591485724866
0.1,0.1,0.3,0.1,0.4,1.2152177278851906,0.5982920927281207,0.5982920927281207,0.1514741413647922,0.06562776701891293,-0.18333142609470654,-0.1977665686039447
0.1,0.1,0.1,0.7,0.0,1.081410131167561,0.5968323127697974,0.5968323127697974,0.15330729973614,0.07887389431946623,-0.2078561840266253,-0.21464389627498137
0.0,0.0,0.3,0.7,0.0,0.7996790852184357,0.5947647162382039,0.5947647162382039,0.10099950934396529,0.0734495126906276,-0.24431272549737115,-0.21006218430316836
0.0,0.2,0.5,0.2,0.1,1.3573241627306407,0.5935245779039472,0.5935245779039472,0.17355750412478876,0.0651002745540481,-0.16856613147755117,-0.19014637748900687
0.0,0.0,0.7,0.1,0.2,1.158682167958167,0.5921907286396216,0.5921907286396216,0.14729902930918382,0.061446218572611455,-0.21642567498154386,-0.16157315715274667
0.0,0.0,0.8,0.1,0.1,1.1299380956589262,0.5908792585741877,0.5908792585741877,0.14267997073028238,0.062014203646966415,-0.2292901375304287,-0.15965301898725914
0.1,0.4,0.1,0.4,0.0,1.1954479581092947,0.5908007191937595,0.5908007191937595,0.14838960944951474,0.07044356824996534,-0.17982322026887532,-0.20994180946328767
0.1,0.2,0.1,0.2,0.4,1.237895703641856,0.5899247552731137,0.5899247552731137,0.15315990247591404,0.07112756378108509,-0.17046296040818498,-0.229337765927894
0.2,0.1,0.4,0.2,0.1,0.9755212139834227,0.5886891518859442,0.5886891518859442,0.11868119243069808,0.07136846384380924,-0.212176121693314,-0.21207856994989238
0.0,0.0,0.6,0.4,0.0,1.1349535487707791,0.5879342101164798,0.5879342101164798,0.1393000931746471,0.06720621350696532,-0.2131080683593103,-0.17699035701805277
0.1,0.1,0.1,0.5,0.2,1.0246162980437126,0.5874465273704208,0.5874465273704208,0.13943632490479785,0.07642649190293427,-0.2018757342034304,-0.205618299535269
0.1,0.5,0.1,0.3,0.0,1.3082478214963096,0.5873142539466772,0.5873142539466772,0.16182167808436132,0.06652433522905987,-0.18369514805016007,-0.21503963654492475
0.1,0.0,0.5,0.3,0.1,1.0814911289163942,0.5869076026655643,0.5869076026655643,0.13506003156704982,0.06957524809841487,-0.2070372335708488,-0.1711220691589047
0.0,0.4,0.1,0.4,0.1,1.261834656775917,0.5860627759256011,0.5860627759256011,0.15887993342873186,0.06715722723440032,-0.18274681855568264,-0.21255693168279033
0.0,0.1,0.3,0.6,0.0,0.7999852326243857,0.5811191440236462,0.5811191440236462,0.09941502650333622,0.0682319553226387,-0.22533438158996832,-0.2154023950573417
0.2,0.1,0.6,0.1,0.0,1.0993116037120663,0.5805934907634064,0.5805934907634064,0.13676710853612328,0.06196626838391883,-0.184697144559555,-0.19322647001478488
0.1,0.0,0.3,0.3,0.3,0.7678780696753454,0.5780459633269274,0.5780459633269274,0.09281638063145836,0.070472554236656,-0.23726566617860556,-0.18835865408977592
0.0,0.4,0.0,0.4,0.2,1.1955695725647506,0.5779266163075887,0.5779266163075887,0.15021602655382083,0.07035762585442096,-0.22148227433952627,-0.21667376449933418
0.0,0.0,0.6,0.0,0.4,1.1860980815559579,0.5761293909798555,0.5761293909798555,0.1481655266772699,0.05987189623582401,-0.18001362058658343,-0.16997426806348548
0.1,0.0,0.4,0.1,0.4,1.0869595616426952,0.5756663679155146,0.5756663679155146,0.13498442255598175,0.06317937640238513,-0.21295615744870222,-0.1895393921727193
0.0,0.2,0.1,0.6,0.1,0.8009368994075553,0.5751740336188856,0.5751740336188856,0.10088240587764319,0.07037485846714953,-0.2632841361324565,-0.21614140963946082
0.0,0.2,0.2,0.3,0.3,1.2561568278426376,0.5715881937788776,0.5715881937788776,0.15714808160955274,0.06362233474324386,-0.20426958713321564,-0.19939048766878353
0.1,0.2,0.3,0.2,0.2,1.286421289807567,0.5701963818303716,0.5701963818303716,0.1616494695644657,0.06363467355944041,-0.2043768777252355,-0.19623449545621585
0.0,0.0,0.0,0.0,1.0,0.5701761944656102,0.8499123743296927,0.5701761944656102,0.07998045026951273,0.11109601824481374,-0.20772478017609808,-0.14101805007026913
0.1,0.3,0.2,0.2,0.2,1.228874715702968,0.5699823557227028,0.5699823557227028,0.15128597469841965,0.06343271432918662,-0.20021043145303097,-0.21354978875422537
0.1,0.1,0.1,0.3,0.4,0.9578210589002322,0.5692957236057307,0.5692957236057307,0.12366473339490902,0.07312475551576769,-0.20250530396919486,-0.20146524691277679
0.1,0.1,0.2,0.5,0.1,0.9300940847334374,0.569062750026373,0.569062750026373,0.118409928093959,0.0718949689852999,-0.21982099445394898,-0.21120810174280968
0.0,0.0,0.1,0.2,0.7,0.8472285450428662,0.5676943111702585,0.5676943111702585,0.10430929897386632,0.06841175837949764,-0.2247059044891544,-0.22753796176062924
0.0,0.3,0.0,0.4,0.3,1.0741434273794088,0.5669622758969962,0.5669622758969962,0.13617551741635103,0.06775027595086347,-0.25168145005844955,-0.21857825041522394
0.2,0.2,0.0,0.5,0.1,1.2527075487583672,0.5644053608058164,0.5644053608058164,0.19757910760134778,0.08635625866571695,-0.21504058773854595,-0.2894120656180743
0.0,0.0,0.4,0.0,0.6,1.068322905199464,0.5627293829528385,0.5627293829528385,0.13258459906591935,0.05836262661420477,-0.18525887549960185,-0.1699501542615951
0.0,0.0,0.3,0.0,0.7,1.023119876036755,0.5627293829528385,0.5627293829528385,0.12527730265062798,0.05836262661420477,-0.17865600581421026,-0.1699501542615951
0.0,0.0,0.2,0.4,0.4,0.7934952441203453,0.5607826068135283,0.5607826068135283,0.09733386731054106,0.06607507635408405,-0.23064038689370248,-0.22754421096767197
0.0,0.2,0.2,0.5,0.1,0.9870481365690897,0.5602738235199873,0.5602738235199873,0.12303464598836422,0.06528055655253118,-0.23394866811382098,-0.2110313130061625
0.0,0.0,0.7,0.0,0.3,1.2006170922616437,0.5591230563483799,0.5591230563483799,0.1503151785371668,0.057697228679040036,-0.17998463015825805,-0.17001752219000843
0.2,0.1,0.4,0.3,0.0,1.0552542521410784,0.5590039761762239,0.5590039761762239,0.13503143715796462,0.06892623887058513,-0.19068002254347405,-0.20418652535389747
0.0,0.0,0.4,0.3,0.3,1.0030423911646587,0.5534715818155943,0.5534715818155943,0.1211444453202084,0.06297961198744528,-0.21347881716737416,-0.1733335222245983
0.0,0.0,0.3,0.2,0.5,1.0516247524709241,0.5498248425365576,0.5498248425365576,0.12697071680137118,0.06189292880019415,-0.21665451043513095,-0.17706512574600397
0.0,0.1,0.3,0.4,0.2,1.1682125906287661,0.5479911341927186,0.5479911341927186,0.1446760495437205,0.06271272153537488,-0.20225241151727935,-0.19882787126975443
0.1,0.2,0.2,0.1,0.4,1.2602727553732431,0.5473482790099824,0.5473482790099824,0.1583938423748963,0.06177441692832142,-0.18373592559828855,-0.212729815966483
0.0,0.1,0.0,0.3,0.6,0.7834149360483877,0.5472597882525693,0.5472597882525693,0.09879833536697236,0.0712269896723059,-0.22984360128179981,-0.1920329140832694
0.0,0.0,0.1,0.0,0.9,0.8517917289658309,0.5455574187823558,0.5455574187823558,0.10687502734531784,0.05660552864579582,-0.2013623088141957,-0.18439783628021333
0.0,0.3,0.1,0.6,0.0,0.8740886080742025,0.5450291073488038,0.5450291073488038,0.11129556491496584,0.06495236175351371,-0.26961876454938516,-0.2121407829191848
0.1,0.0,0.3,0.6,0.0,0.973402957754398,0.5446401651840844,0.5446401651840844,0.13037697861966047,0.06883430684023306,-0.20141506299944123,-0.20759601459174304
0.0,0.0,0.3,0.6,0.1,0.7361640531958381,0.5437046037774793,0.5437046037774793,0.09040366170229719,0.06359622403842047,-0.23244747088446116,-0.22744470689915175
0.0,0.2,0.0,0.5,0.3,0.8934929397702225,0.541112817917339,0.541112817917339,0.11506994466586717,0.06929700334995803,-0.22655517036728434,-0.1981084494198352
0.0,0.0,0.4,0.1,0.5,0.9694622280084361,0.5375711077990412,0.5375711077990412,0.12030820616322191,0.0583160357972643,-0.18838138830672768,-0.18195845620833206
0.0,0.0,0.5,0.3,0.2,1.093550228294969,0.5373639869334036,0.5373639869334036,0.13409253802008791,0.060531980813807174,-0.2272754047337251,-0.17456871469913648
0.1,0.1,0.1,0.2,0.5,0.9602457256101918,0.5337990804697353,0.5337990804697353,0.12136174334869554,0.06715915091435187,-0.19758252904761542,-0.21017942626968333
0.1,0.0,0.2,0.4,0.3,0.9175586869393519,0.5306515945315763,0.5306515945315763,0.12184708942636724,0.06732958958478785,-0.2043273003922308,-0.21082377356155302
0.1,0.2,0.3,0.3,0.1,1.213795694523413,0.5298852735274829,0.5298852735274829,0.1503840430534802,0.06122922536160025,-0.20388512730912323,-0.2029371263120462
0.1,0.1,0.3,0.4,0.1,0.9003353593806933,0.5293551379605984,0.5293551379605984,0.10944251063216393,0.06315597933608164,-0.22042495032955123,-0.20454168502004344
0.0,0.1,0.1,0.7,0.1,0.8860313202835252,0.5277998287550784,0.5277998287550784,0.11670218879979588,0.06660773145054977,-0.21769457691121719,-0.20368623838981736
0.1,0.2,0.2,0.3,0.2,1.2607901347081103,0.5269082365309739,0.5269082365309739,0.15864094711656507,0.06190094537735491,-0.18823756233982814,-0.1998465413626329
0.0,0.0,0.9,0.1,0.0,1.2383723283373853,0.5258048460745187,0.5258048460745187,0.1577964219616803,0.053936702399504766,-0.18577853024663593,-0.1583366369424839
0.0,0.2,0.3,0.1,0.4,1.356707396559929,0.5240694909043132,0.5240694909043132,0.17304156186925757,0.05558037511794822,-0.19160168016779233,-0.18746359089531517
0.1,0.3,0.0,0.3,0.3,1.1293215784379529,0.5222868778949902,0.5222868778949902,0.14295370908682248,0.06300691880370035,-0.18089052390384086,-0.2301498590280261
0.1,0.0,0.2,0.5,0.2,0.9637977760774961,0.5202270612318496,0.5202270612318496,0.13186694003804478,0.06480128426337961,-0.20307395818586482,-0.2067614797857854
0.0,0.2,0.2,0.6,0.0,0.9063788439877893,0.5198704782278731,0.5198704782278731,0.11498362248428062,0.0625509463196472,-0.23353764512008512,-0.22021718194474638
0.1,0.1,0.3,0.5,0.0,0.8282954994826928,0.5188736601799486,0.5188736601799486,0.10138624694307086,0.06286639392544058,-0.21351859510972937,-0.20557217093949431
0.2,0.0,0.2,0.6,0.0,1.0988648310272244,0.5187971968557115,0.5187971968557115,0.17487820892906458,0.0752630355883912,-0.22214787716039364,-0.2613705064397521
0.0,0.3,0.0,0.3,0.4,1.1744873487925567,0.5168095049496055,0.5168095049496055,0.1476019957745558,0.06164342512351895,-0.22124504594457972,-0.21661133303304736
0.0,0.0,0.2,0.3,0.5,0.705542972363692,0.5150767471049067,0.5150767471049067,0.08341349241280516,0.059044086174491195,-0.22676012701941484,-0.19998647840000805
0.0,0.1,0.2,0.7,0.0,0.8027162787064799,0.5120632895003804,0.5120632895003804,0.1009736086353672,0.06243634316161217,-0.22117033751744086,-0.22263398234145004
0.1,0.3,0.1,0.2,0.3,1.2601233171313835,0.5111819165717262,0.5111819165717262,0.1554014047775374,0.05776004462225082,-0.17885280038041318,-0.23283702197506206
0.0,0.0,0.2,0.5,0.3,0.7652295169367284,0.5066012758842036,0.5066012758842036,0.09525782115416725,0.06115557634427882,-0.2329276361337027,-0.21122864413015685
0.1,0.1,0.3,0.3,0.2,1.0795098388887705,0.5053388121839757,0.5053388121839757,0.1327465087983568,0.058218198189270876,-0.19904857282200739,-0.19325605346619246
0.0,0.0,0.3,0.1,0.6,0.9760669052111498,0.5033248463025847,0.5033248463025847,0.11939039442387411,0.05400740293939643,-0.17354367351734,-0.18933617079685117
0.0,0.5,0.1,0.4,0.0,1.2548524478825354,0.5001475430550569,0.5001475430550569,0.15546170801928394,0.05301648494547817,-0.19188888578492025,-0.21166190832832654
0.1,0.1,0.2,0.3,0.3,0.7668045196219243,0.5001167325625613,0.5001167325625613,0.09471278800301741,0.06015461396251798,-0.21850889992192157,-0.20026422272078548
0.1,0.0,0.2,0.2,0.5,0.8865121318760867,0.49984381332864963,0.49984381332864963,0.11489828989143702,0.061447054129241785,-0.21918644106640417,-0.21221372292261176
0.2,0.1,0.2,0.5,0.0,0.9381047416760157,0.4971030314091938,0.4971030314091938,0.13075403684102627,0.06501645430329361,-0.2164623812892571,-0.21974346080233442
0.1,0.0,0.4,0.5,0.0,0.801792753003421,0.49564619015719363,0.49564619015719363,0.10001372283731302,0.05945076126385551,-0.21866975192530214,-0.20682389875897988
0.1,0.0,0.1,0.8,0.0,1.2187875045337973,0.4956128577142327,0.4956128577142327,0.19710902518973672,0.07109763029453631,-0.20865389648363863,-0.21487885568200527
0.0,0.0,0.5,0.5,0.0,0.912414541307426,0.49498890161573944,0.49498890161573944,0.11071943493543612,0.05535075397765987,-0.20414069679811175,-0.20541749206872495
0.0,0.2,0.0,0.2,0.6,1.1517671266818763,0.4890606912046209,0.4890606912046209,0.14271176136640418,0.0578084094506941,-0.23008231256778378,-0.21666901729987575
0.1,0.1,0.3,0.2,0.3,1.1111576981421045,0.4884134108747759,0.4884134108747759,0.13692330485727555,0.055100638352019615,-0.19767540457532096,-0.2012106562769289
0.0,0.1,0.2,0.4,0.3,0.903217754249646,0.48827170227214234,0.48827170227214234,0.11102534456595792,0.05485695898141585,-0.23659191546048286,-0.21326438229164002
0.0,0.2,0.1,0.5,0.2,0.7862825984489311,0.48804853263044023,0.48804853263044023,0.09824968106198684,0.05732601804220594,-0.2618827963710353,-0.21662869501844606
0.1,0.0,0.4,0.3,0.2,0.936364818464792,0.48718087126856685,0.48718087126856685,0.11454925120685377,0.05674720209488293,-0.20978236790497762,-0.19271268252972507
0.1,0.0,0.3,0.2,0.4,0.8745206894154232,0.48678796847897277,0.48678796847897277,0.10709174355957063,0.056933150063712246,-0.22372878743255453,-0.2017653521574828
0.1,0.3,0.2,0.4,0.0,1.1179698569706964,0.48341310799127946,0.48341310799127946,0.13894376130817676,0.055726871128141564,-0.191330623857646,-0.21232149649709509
0.0,0.1,0.1,0.5,0.3,0.7562975678088206,0.4798180370333288,0.4798180370333288,0.09496179739114474,0.0591091992453916,-0.25683512187860325,-0.20416576775116624
0.1,0.2,0.2,0.4,0.1,1.082675460444168,0.4791730166453285,0.4791730166453285,0.13447388180279152,0.05572364167618904,-0.1918863483129014,-0.20717300568334795
0.0,0.4,0.1,0.5,0.0,1.128510588361578,0.47706490300103777,0.47706490300103777,0.14107008027096057,0.05544403666195419,-0.22324997853809003,-0.207419553750958
0.0,0.1,0.1,0.6,0.2,0.8507894377428379,0.47702972233907726,0.47702972233907726,0.11005778712030612,0.05925098024176734,-0.24811873426764397,-0.2076033319767434
0.1,0.0,0.6,0.3,0.0,1.0880424665886588,0.47258780177774345,0.47258780177774345,0.134158648798409,0.05303270487337164,-0.21396673393242172,-0.1752297252235514
0.1,0.2,0.2,0.2,0.3,1.263072647533674,0.4683353813075799,0.4683353813075799,0.158088294508812,0.053177273044584084,-0.19850998831718236,-0.2307311514318604
0.1,0.0,0.1,0.7,0.1,1.2343739727562277,0.45832052818187496,0.45832052818187496,0.1960432479722498,0.06504054057893938,-0.20721247085102523,-0.21916459323407056
0.0,0.0,0.1,0.1,0.8,0.803414375042557,0.45769870342094465,0.45769870342094465,0.09583967186698117,0.05150161129180808,-0.2176236993354863,-0.20549520133596633
0.1,0.2,0.1,0.3,0.3,1.0295283192579274,0.45607993074118697,0.45607993074118697,0.1284680567085359,0.05380681770959428,-0.19395236632683732,-0.22482199818720283
0.2,0.0,0.2,0.3,0.3,0.880737221276961,0.447819531061178,0.447819531061178,0.13417883082561644,0.06245490534722209,-0.20896866182378016,-0.2690438542132616
0.0,0.1,0.2,0.3,0.4,1.0471507458073648,0.44402737062089104,0.44402737062089104,0.12851586859340913,0.04904074700504246,-0.2055616263201786,-0.190030542007383
0.0,0.1,0.2,0.5,0.2,0.7736605899146217,0.44400165468301467,0.44400165468301467,0.0955487170428202,0.050669742212489544,-0.22369457532373116,-0.21491280718383388
0.1,0.1,0.2,0.2,0.4,1.0672428740155897,0.44279986764824647,0.44279986764824647,0.13191290700132674,0.05164696615545439,-0.18415631322664794,-0.2177323357318861
0.2,0.0,0.3,0.5,0.0,0.9126916890040196,0.43861686763913155,0.43861686763913155,0.12547539539231423,0.05396409868544794,-0.21737061259563362,-0.2099506392079804
0.1,0.0,0.5,0.4,0.0,0.989366060837599,0.43724694815244525,0.43724694815244525,0.12074429574738943,0.05006210701841329,-0.21470252249471777,-0.19474505434541678
0.2,0.2,0.3,0.2,0.1,1.157140699183119,0.4320110339312766,0.4320110339312766,0.1452702929010754,0.04918960061520394,-0.1967784596896588,-0.2307269504819991
0.1,0.0,0.4,0.2,0.3,1.0192904339611881,0.4301120855769187,0.4301120855769187,0.12395394881588073,0.04741680157942518,-0.19301584705370212,-0.18465413335119063
0.0,0.2,0.1,0.4,0.3,0.9929567738954749,0.42473023882883165,0.42473023882883165,0.123516156744639,0.04813601477593599,-0.24831009424194328,-0.21388036958211665
0.0,0.1,0.0,0.2,0.7,0.8985926300704792,0.4141548901946605,0.4141548901946605,0.11150960764197326,0.047748522604627475,-0.2274561771438638,-0.21357235108668426
0.1,0.0,0.4,0.4,0.1,0.8081125482627892,0.40902085013036693,0.40902085013036693,0.09720835016900864,0.04636922511061026,-0.21552631827685265,-0.20845431296341044
0.0,0.2,0.0,0.4,0.4,0.8313405130236708,0.4088524713828961,0.4088524713828961,0.10443855347815423,0.04716174011441576,-0.2375234114095428,-0.21358692686885972
0.0,0.3,0.1,0.3,0.3,1.2132953433303542,0.39986624157171546,0.39986624157171546,0.14999307240393067,0.04185151402472176,-0.19243403433096606,-0.21179981769280287
0.1,0.0,0.1,0.5,0.3,1.1109482624727642,0.39945548287938587,0.39945548287938587,0.17304125737981146,0.05422176274047752,-0.22297154298351407,-0.2299636874753309
0.0,0.0,0.4,0.5,0.1,0.8067904311578027,0.3936326071931902,0.3936326071931902,0.09745679941672347,0.042773012318234827,-0.2231178682164935,-0.2208650319605876
0.0,0.1,0.1,0.3,0.5,0.8575972592868502,0.38666165455657303,0.38666165455657303,0.10373131050759987,0.04383736980780495,-0.23219417660972297,-0.22022909965031645
0.2,0.1,0.5,0.2,0.0,0.9875581069996417,0.3855321554899751,0.3855321554899751,0.12084012579357828,0.04167578686995821,-0.2026172156406303,-0.20814267506965145
0.0,0.0,0.4,0.4,0.2,0.8101031612078283,0.3738873150883768,0.3738873150883768,0.0972431094029691,0.039443602419561685,-0.2234174890536732,-0.20537286500488594
0.1,0.1,0.4,0.4,0.0,1.0348509979049765,0.3738813150577965,0.3738813150577965,0.12666637846504436,0.04091345323459028,-0.20453524818364488,-0.19047801106491835
0.2,0.0,0.2,0.4,0.2,0.9431756500793788,0.3507431822295423,0.3507431822295423,0.14704477067153698,0.045052513151041085,-0.2091833344046029,-0.25648050062772443
0.0,0.0,0.3,0.3,0.4,0.8053948081648818,0.34859091362080613,0.34859091362080613,0.09632099738307653,0.0364737287464163,-0.22290442070154726,-0.20534252289560906
0.1,0.0,0.1,0.4,0.4,1.0050288130934937,0.3467551475030623,0.3467551475030623,0.1569610773077008,0.045303973931503094,-0.2183368650595282,-0.23290636962240363
0.0,0.0,0.3,0.4,0.3,0.8178536931871934,0.34152431568260044,0.34152431568260044,0.09896338867303633,0.03581720311744374,-0.2326485129541831,-0.1978562859506654
0.1,0.0,0.1,0.6,0.2,1.264942587917303,0.33671908815730445,0.33671908815730445,0.20356030918396395,0.04283800911933944,-0.21078058360096363,-0.2290148672961727
0.1,0.2,0.3,0.4,0.0,1.1430535380522697,0.33643762350008904,0.33643762350008904,0.1428853845240592,0.03570160995673688,-0.1940053073802509,-0.21034765574768044
0.0,0.0,0.2,0.2,0.6,0.8263890207096946,0.3054535776993897,0.3054535776993897,0.09865640420991517,0.030793204473410052,-0.2232094411424519,-0.2054884368205634
0.2,0.0,0.2,0.5,0.1,1.054153553090533,0.2759447612529246,0.2759447612529246,0.1633680923732408,0.031819949539726666,-0.22436459342113368,-0.25791100053863136
0.1,0.0,0.1,0.2,0.6,0.6327882632640492,0.2410263234048004,0.2410263234048004,0.09105908960539666,0.026181171821147764,-0.2091528880183594,-0.25647854926097047
0.1,0.0,0.1,0.3,0.5,0.8803518073109174,0.23761680014078781,0.23761680014078781,0.1348664376492663,0.025934208384999158,-0.22589647720672446,-0.26131839680770175
